Age (days),Weight (kg),Breed,Disease,Suggested Antibiotic,Dosage of Antibiotic (mg),Treatment Days
177,2.6,Australorp,Infectious Bronchitis,Tylosin,65.0,5
404,3.39,Australorp,E. coli Infection,Doxycycline,67.8,7
264,2.9,Rhode Island Red,Coccidiosis,Amprolium,29.0,6
109,2.41,Australorp,Coccidiosis,Amprolium,24.1,5
599,2.64,Australorp,Fowl Cholera,Sulfaquinoxaline,79.2,9
443,2.67,Cornish Cross,Salmonellosis,Neomycin,26.7,5
284,2.98,Cornish Cross,Coccidiosis,Amprolium,29.8,5
545,2.94,Rhode Island Red,E. coli Infection,Doxycycline,58.8,6
332,2.96,Rhode Island Red,Fowl Cholera,Sulfaquinoxaline,88.8,7
235,2.85,Rhode Island Red,Fowl Cholera,Sulfaquinoxaline,85.5,8
383,2.02,Rhode Island Red,E. coli Infection,Doxycycline,40.4,5
69,2.76,Cornish Cross,Coccidiosis,Amprolium,27.6,6
201,2.98,Plymouth Rock,Coccidiosis,Amprolium,29.8,5
443,2.73,Plymouth Rock,Coccidiosis,Amprolium,27.3,5
278,2.71,Rhode Island Red,Newcastle Disease,Oxytetracycline,27.1,6
294,2.94,Rhode Island Red,Coccidiosis,Amprolium,29.4,6
273,2.76,Sussex,Fowl Cholera,Sulfaquinoxaline,82.8,8
185,2.51,Cornish Cross,Coccidiosis,Amprolium,25.1,5
566,2.69,Cornish Cross,Infectious Bronchitis,Tylosin,67.25,6
274,1.2,Leghorn,Coccidiosis,Amprolium,12.0,6
17,0.84,Cornish Cross,Fowl Cholera,Sulfaquinoxaline,25.2,8
287,2.67,Plymouth Rock,Infectious Bronchitis,Tylosin,66.75,5
580,2.17,Broiler,Newcastle Disease,Oxytetracycline,21.7,7
348,3.38,Cornish Cross,Coccidiosis,Amprolium,33.8,5
241,2.66,Rhode Island Red,Newcastle Disease,Oxytetracycline,26.6,7
499,2.87,Sussex,Newcastle Disease,Oxytetracycline,28.7,7
506,2.82,Rhode Island Red,E. coli Infection,Doxycycline,56.4,6
156,3.31,Cornish Cross,Newcastle Disease,Oxytetracycline,33.1,6
128,2.67,Plymouth Rock,Newcastle Disease,Oxytetracycline,26.7,7
335,1.64,Leghorn,Coccidiosis,Amprolium,16.4,5
73,3.5,Cornish Cross,Coccidiosis,Amprolium,35.0,5
334,2.88,Sussex,Salmonellosis,Neomycin,28.8,5
405,2.29,Plymouth Rock,Fowl Cholera,Sulfaquinoxaline,68.7,8
283,1.71,Broiler,E. coli Infection,Doxycycline,34.2,7
440,2.65,Australorp,E. coli Infection,Doxycycline,53.0,7
46,1.08,Australorp,Infectious Bronchitis,Tylosin,27.0,6
410,3.1,Cornish Cross,Fowl Cholera,Sulfaquinoxaline,93.0,7
502,1.68,Broiler,Infectious Bronchitis,Tylosin,42.0,5
172,1.63,Leghorn,Newcastle Disease,Oxytetracycline,16.3,6
437,2.71,Rhode Island Red,Coccidiosis,Amprolium,27.1,5
235,3.09,Australorp,Fowl Cholera,Sulfaquinoxaline,92.7,10
212,1.7,Leghorn,E. coli Infection,Doxycycline,34.0,6
257,3.27,Australorp,Fowl Cholera,Sulfaquinoxaline,98.1,10
90,2.31,Australorp,Coccidiosis,Amprolium,23.1,6
310,2.07,Broiler,Fowl Cholera,Sulfaquinoxaline,62.1,8
329,2.34,Plymouth Rock,Newcastle Disease,Oxytetracycline,23.4,7
562,3.18,Cornish Cross,Infectious Bronchitis,Tylosin,79.5,6
349,1.46,Leghorn,Coccidiosis,Amprolium,14.6,6
375,2.25,Plymouth Rock,Coccidiosis,Amprolium,22.5,6
338,2.52,Australorp,Newcastle Disease,Oxytetracycline,25.2,6
394,2.72,Broiler,Infectious Bronchitis,Tylosin,68.0,6
457,2.61,Broiler,Newcastle Disease,Oxytetracycline,26.1,7
496,3.11,Cornish Cross,Infectious Bronchitis,Tylosin,77.75,6
583,2.42,Broiler,Fowl Cholera,Sulfaquinoxaline,72.6,7
281,1.51,Leghorn,Newcastle Disease,Oxytetracycline,15.1,7
321,2.95,Broiler,Newcastle Disease,Oxytetracycline,29.5,6
114,1.35,Leghorn,Coccidiosis,Amprolium,13.5,6
477,2.09,Rhode Island Red,E. coli Infection,Doxycycline,41.8,7
361,2.83,Rhode Island Red,Coccidiosis,Amprolium,28.3,5
419,1.32,Leghorn,Coccidiosis,Amprolium,13.2,6
258,2.1,Rhode Island Red,Coccidiosis,Amprolium,21.0,6
57,0.59,Leghorn,Newcastle Disease,Oxytetracycline,5.9,7
310,3.45,Broiler,Fowl Cholera,Sulfaquinoxaline,103.5,9
243,2.63,Plymouth Rock,Infectious Bronchitis,Tylosin,65.75,6
582,2.87,Rhode Island Red,Fowl Cholera,Sulfaquinoxaline,86.1,10
567,3.33,Cornish Cross,Salmonellosis,Neomycin,33.3,6
87,1.71,Plymouth Rock,Coccidiosis,Amprolium,17.1,6
45,1.01,Australorp,Infectious Bronchitis,Tylosin,25.25,5
404,2.85,Sussex,Newcastle Disease,Oxytetracycline,28.5,6
470,1.51,Leghorn,E. coli Infection,Doxycycline,30.2,7
596,2.9,Cornish Cross,Coccidiosis,Amprolium,29.0,6
217,1.76,Broiler,Fowl Cholera,Sulfaquinoxaline,52.8,10
449,1.61,Leghorn,Newcastle Disease,Oxytetracycline,16.1,7
370,2.52,Australorp,Infectious Bronchitis,Tylosin,63.0,6
243,3.5,Cornish Cross,Coccidiosis,Amprolium,35.0,6
50,0.98,Plymouth Rock,Salmonellosis,Neomycin,9.8,6
412,2.81,Cornish Cross,Fowl Cholera,Sulfaquinoxaline,84.3,10
75,1.71,Plymouth Rock,E. coli Infection,Doxycycline,34.2,6
478,1.43,Leghorn,E. coli Infection,Doxycycline,28.6,5
332,2.5,Rhode Island Red,Salmonellosis,Neomycin,25.0,7
420,2.61,Australorp,Newcastle Disease,Oxytetracycline,26.1,6
216,3.23,Cornish Cross,Newcastle Disease,Oxytetracycline,32.3,7
381,2.15,Rhode Island Red,Infectious Bronchitis,Tylosin,53.75,5
255,2.17,Plymouth Rock,Fowl Cholera,Sulfaquinoxaline,65.1,9
306,3.29,Australorp,Newcastle Disease,Oxytetracycline,32.9,7
501,2.66,Rhode Island Red,Salmonellosis,Neomycin,26.6,6
408,2.73,Broiler,Coccidiosis,Amprolium,27.3,6
377,2.76,Broiler,Salmonellosis,Neomycin,27.6,7
316,2.89,Australorp,Salmonellosis,Neomycin,28.9,7
174,2.79,Broiler,Newcastle Disease,Oxytetracycline,27.9,7
62,2.37,Cornish Cross,Coccidiosis,Amprolium,23.7,6
133,1.23,Leghorn,E. coli Infection,Doxycycline,24.6,6
294,2.83,Rhode Island Red,Newcastle Disease,Oxytetracycline,28.3,6
301,2.91,Sussex,E. coli Infection,Doxycycline,58.2,7
338,2.89,Australorp,Infectious Bronchitis,Tylosin,72.25,5
560,3.02,Australorp,Infectious Bronchitis,Tylosin,75.5,5
504,2.13,Plymouth Rock,Infectious Bronchitis,Tylosin,53.25,5
150,1.41,Leghorn,Infectious Bronchitis,Tylosin,35.25,5
204,2.83,Cornish Cross,E. coli Infection,Doxycycline,56.6,6
503,3.29,Cornish Cross,Fowl Cholera,Sulfaquinoxaline,98.7,9
352,2.98,Plymouth Rock,Newcastle Disease,Oxytetracycline,29.8,6
195,2.78,Sussex,Infectious Bronchitis,Tylosin,69.5,5
369,3.21,Cornish Cross,Fowl Cholera,Sulfaquinoxaline,96.3,9
83,2.58,Cornish Cross,Fowl Cholera,Sulfaquinoxaline,77.4,7
279,2.94,Australorp,E. coli Infection,Doxycycline,58.8,5
164,2.65,Sussex,Newcastle Disease,Oxytetracycline,26.5,7
102,1.29,Leghorn,Newcastle Disease,Oxytetracycline,12.9,7
346,2.62,Sussex,E. coli Infection,Doxycycline,52.4,7
263,2.19,Rhode Island Red,Infectious Bronchitis,Tylosin,54.75,6
483,2.8,Australorp,E. coli Infection,Doxycycline,56.0,6
81,1.92,Plymouth Rock,Fowl Cholera,Sulfaquinoxaline,57.6,9
538,3.06,Broiler,Newcastle Disease,Oxytetracycline,30.6,6
392,1.62,Leghorn,Infectious Bronchitis,Tylosin,40.5,5
296,1.47,Leghorn,Newcastle Disease,Oxytetracycline,14.7,6
406,3.18,Australorp,Fowl Cholera,Sulfaquinoxaline,95.4,10
289,2.28,Rhode Island Red,Coccidiosis,Amprolium,22.8,5
16,0.67,Cornish Cross,Fowl Cholera,Sulfaquinoxaline,20.1,7
399,3.38,Cornish Cross,Coccidiosis,Amprolium,33.8,5
434,2.84,Broiler,Coccidiosis,Amprolium,28.4,6
104,1.09,Leghorn,E. coli Infection,Doxycycline,21.8,5
125,3.03,Cornish Cross,Salmonellosis,Neomycin,30.3,7
543,2.24,Plymouth Rock,Fowl Cholera,Sulfaquinoxaline,67.2,10
113,2.55,Sussex,Fowl Cholera,Sulfaquinoxaline,76.5,8
320,2.44,Plymouth Rock,Infectious Bronchitis,Tylosin,61.0,6
402,2.05,Rhode Island Red,E. coli Infection,Doxycycline,41.0,5
496,2.98,Australorp,Coccidiosis,Amprolium,29.8,6
557,2.55,Sussex,Salmonellosis,Neomycin,25.5,5
355,2.3,Plymouth Rock,Salmonellosis,Neomycin,23.0,6
225,2.08,Broiler,Infectious Bronchitis,Tylosin,52.0,5
189,2.22,Broiler,Fowl Cholera,Sulfaquinoxaline,66.6,7
236,2.75,Sussex,Coccidiosis,Amprolium,27.5,5
447,1.49,Leghorn,Coccidiosis,Amprolium,14.9,5
208,2.55,Sussex,Fowl Cholera,Sulfaquinoxaline,76.5,9
191,2.68,Broiler,E. coli Infection,Doxycycline,53.6,5
306,2.64,Broiler,Coccidiosis,Amprolium,26.4,5
183,1.64,Leghorn,E. coli Infection,Doxycycline,32.8,6
134,2.7,Australorp,E. coli Infection,Doxycycline,54.0,7
130,2.69,Sussex,E. coli Infection,Doxycycline,53.8,5
261,2.79,Sussex,Newcastle Disease,Oxytetracycline,27.9,7
275,2.04,Rhode Island Red,Coccidiosis,Amprolium,20.4,6
105,3.24,Broiler,Infectious Bronchitis,Tylosin,81.0,6
199,3.18,Broiler,Newcastle Disease,Oxytetracycline,31.8,7
155,2.95,Sussex,Newcastle Disease,Oxytetracycline,29.5,7
121,2.72,Sussex,Infectious Bronchitis,Tylosin,68.0,6
469,3.07,Broiler,Newcastle Disease,Oxytetracycline,30.7,6
486,2.49,Plymouth Rock,Salmonellosis,Neomycin,24.9,7
161,2.14,Rhode Island Red,Newcastle Disease,Oxytetracycline,21.4,7
574,3.21,Cornish Cross,Coccidiosis,Amprolium,32.1,6
86,1.66,Plymouth Rock,E. coli Infection,Doxycycline,33.2,7
491,2.58,Rhode Island Red,Newcastle Disease,Oxytetracycline,25.8,6
14,0.24,Plymouth Rock,Newcastle Disease,Oxytetracycline,2.4,7
66,2.38,Cornish Cross,E. coli Infection,Doxycycline,47.6,6
248,1.33,Leghorn,Coccidiosis,Amprolium,13.3,6
367,2.68,Rhode Island Red,Fowl Cholera,Sulfaquinoxaline,80.4,7
531,2.36,Broiler,Coccidiosis,Amprolium,23.6,6
342,1.28,Leghorn,Coccidiosis,Amprolium,12.8,6
511,3.22,Australorp,Newcastle Disease,Oxytetracycline,32.2,6
100,1.31,Leghorn,E. coli Infection,Doxycycline,26.2,5
47,1.17,Rhode Island Red,E. coli Infection,Doxycycline,23.4,7
285,2.86,Plymouth Rock,Newcastle Disease,Oxytetracycline,28.6,7
497,2.66,Sussex,Coccidiosis,Amprolium,26.6,6
331,2.95,Sussex,Coccidiosis,Amprolium,29.5,5
581,3.26,Australorp,Salmonellosis,Neomycin,32.6,7
253,1.64,Leghorn,Newcastle Disease,Oxytetracycline,16.4,7
507,2.89,Australorp,Infectious Bronchitis,Tylosin,72.25,6
205,3.2,Cornish Cross,E. coli Infection,Doxycycline,64.0,6
431,1.78,Leghorn,E. coli Infection,Doxycycline,35.6,5
581,2.41,Broiler,Coccidiosis,Amprolium,24.1,5
21,0.48,Rhode Island Red,Coccidiosis,Amprolium,4.8,6
19,0.83,Broiler,Infectious Bronchitis,Tylosin,20.75,5
138,3.11,Cornish Cross,Coccidiosis,Amprolium,31.1,6
503,2.91,Cornish Cross,E. coli Infection,Doxycycline,58.2,7
32,0.92,Australorp,Coccidiosis,Amprolium,9.2,5
300,2.87,Sussex,Fowl Cholera,Sulfaquinoxaline,86.1,10
563,2.88,Rhode Island Red,Newcastle Disease,Oxytetracycline,28.8,6
14,0.24,Rhode Island Red,Infectious Bronchitis,Tylosin,6.0,5
95,1.59,Broiler,Coccidiosis,Amprolium,15.9,6
263,2.88,Cornish Cross,Newcastle Disease,Oxytetracycline,28.8,6
321,1.53,Leghorn,Coccidiosis,Amprolium,15.3,6
129,2.68,Sussex,Infectious Bronchitis,Tylosin,67.0,5
322,2.75,Cornish Cross,E. coli Infection,Doxycycline,55.0,5
520,1.48,Leghorn,Fowl Cholera,Sulfaquinoxaline,44.4,8
511,2.95,Cornish Cross,Newcastle Disease,Oxytetracycline,29.5,7
124,2.17,Broiler,Newcastle Disease,Oxytetracycline,21.7,6
222,2.81,Australorp,Fowl Cholera,Sulfaquinoxaline,84.3,9
537,3.07,Cornish Cross,E. coli Infection,Doxycycline,61.4,6
253,2.35,Plymouth Rock,Coccidiosis,Amprolium,23.5,6
342,2.92,Rhode Island Red,Salmonellosis,Neomycin,29.2,5
403,3.5,Australorp,E. coli Infection,Doxycycline,70.0,7
266,1.8,Broiler,Coccidiosis,Amprolium,18.0,5
568,2.92,Australorp,Coccidiosis,Amprolium,29.2,6
127,2.92,Australorp,E. coli Infection,Doxycycline,58.4,5
27,1.22,Cornish Cross,Newcastle Disease,Oxytetracycline,12.2,7
337,2.9,Sussex,Infectious Bronchitis,Tylosin,72.5,5
104,2.35,Australorp,Fowl Cholera,Sulfaquinoxaline,70.5,10
217,3.07,Cornish Cross,Infectious Bronchitis,Tylosin,76.75,5
273,2.86,Cornish Cross,Coccidiosis,Amprolium,28.6,6
384,1.78,Leghorn,Fowl Cholera,Sulfaquinoxaline,53.4,9
591,1.67,Leghorn,Newcastle Disease,Oxytetracycline,16.7,7
418,2.57,Australorp,Fowl Cholera,Sulfaquinoxaline,77.1,7
136,1.79,Leghorn,Infectious Bronchitis,Tylosin,44.75,5
33,0.65,Plymouth Rock,Newcastle Disease,Oxytetracycline,6.5,6
329,3.06,Australorp,Fowl Cholera,Sulfaquinoxaline,91.8,8
594,2.6,Sussex,Salmonellosis,Neomycin,26.0,6
536,3.21,Broiler,Coccidiosis,Amprolium,32.1,6
369,2.45,Rhode Island Red,E. coli Infection,Doxycycline,49.0,7
375,2.02,Rhode Island Red,Infectious Bronchitis,Tylosin,50.5,5
45,1.02,Australorp,Infectious Bronchitis,Tylosin,25.5,6
83,1.17,Leghorn,Newcastle Disease,Oxytetracycline,11.7,6
448,2.98,Rhode Island Red,Infectious Bronchitis,Tylosin,74.5,6
222,2.77,Sussex,Infectious Bronchitis,Tylosin,69.25,6
73,1.55,Australorp,Newcastle Disease,Oxytetracycline,15.5,6
90,2.95,Cornish Cross,Infectious Bronchitis,Tylosin,73.75,6
34,0.72,Plymouth Rock,E. coli Infection,Doxycycline,14.4,5
379,1.46,Leghorn,Coccidiosis,Amprolium,14.6,6
533,2.37,Rhode Island Red,Coccidiosis,Amprolium,23.7,6
544,2.05,Broiler,Newcastle Disease,Oxytetracycline,20.5,7
307,2.23,Broiler,Infectious Bronchitis,Tylosin,55.75,5
225,2.88,Sussex,E. coli Infection,Doxycycline,57.6,5
221,2.93,Australorp,Coccidiosis,Amprolium,29.3,5
29,1.16,Broiler,Newcastle Disease,Oxytetracycline,11.6,7
588,1.24,Leghorn,E. coli Infection,Doxycycline,24.8,6
465,1.73,Leghorn,Coccidiosis,Amprolium,17.3,5
455,3.5,Australorp,Coccidiosis,Amprolium,35.0,6
194,2.03,Broiler,Newcastle Disease,Oxytetracycline,20.3,7
501,2.51,Broiler,Infectious Bronchitis,Tylosin,62.75,5
430,3.36,Cornish Cross,E. coli Infection,Doxycycline,67.2,5
94,2.11,Plymouth Rock,Fowl Cholera,Sulfaquinoxaline,63.3,9
509,2.48,Plymouth Rock,Infectious Bronchitis,Tylosin,62.0,5
461,2.65,Sussex,Coccidiosis,Amprolium,26.5,5
531,1.24,Leghorn,Newcastle Disease,Oxytetracycline,12.4,7
414,3.42,Australorp,Coccidiosis,Amprolium,34.2,5
357,2.64,Rhode Island Red,Newcastle Disease,Oxytetracycline,26.4,7
190,2.78,Plymouth Rock,Newcastle Disease,Oxytetracycline,27.8,7
272,2.41,Broiler,Newcastle Disease,Oxytetracycline,24.1,6
303,2.6,Rhode Island Red,Coccidiosis,Amprolium,26.0,6
524,2.71,Plymouth Rock,Coccidiosis,Amprolium,27.1,5
88,2.29,Australorp,E. coli Infection,Doxycycline,45.8,7
376,1.47,Leghorn,E. coli Infection,Doxycycline,29.4,7
177,2.64,Cornish Cross,E. coli Infection,Doxycycline,52.8,6
187,3.49,Australorp,E. coli Infection,Doxycycline,69.8,6
490,1.72,Leghorn,Infectious Bronchitis,Tylosin,43.0,6
454,2.43,Rhode Island Red,Coccidiosis,Amprolium,24.3,5
272,2.42,Plymouth Rock,E. coli Infection,Doxycycline,48.4,5
103,2.22,Sussex,Newcastle Disease,Oxytetracycline,22.2,6
200,3.46,Australorp,Fowl Cholera,Sulfaquinoxaline,103.8,9
56,1.2,Sussex,Infectious Bronchitis,Tylosin,30.0,6
159,2.67,Rhode Island Red,Salmonellosis,Neomycin,26.7,6
227,2.57,Plymouth Rock,Coccidiosis,Amprolium,25.7,6
386,2.02,Rhode Island Red,E. coli Infection,Doxycycline,40.4,6
212,2.08,Rhode Island Red,Newcastle Disease,Oxytetracycline,20.8,7
133,2.1,Plymouth Rock,Infectious Bronchitis,Tylosin,52.5,5
386,2.58,Australorp,Infectious Bronchitis,Tylosin,64.5,5
527,2.34,Rhode Island Red,Infectious Bronchitis,Tylosin,58.5,6
69,1.63,Plymouth Rock,Coccidiosis,Amprolium,16.3,5
213,1.48,Leghorn,E. coli Infection,Doxycycline,29.6,5
311,2.55,Sussex,Infectious Bronchitis,Tylosin,63.75,6
274,1.61,Leghorn,Infectious Bronchitis,Tylosin,40.25,5
84,1.24,Leghorn,Infectious Bronchitis,Tylosin,31.0,5
19,0.5,Australorp,Newcastle Disease,Oxytetracycline,5.0,6
189,1.38,Leghorn,Infectious Bronchitis,Tylosin,34.5,6
193,1.55,Leghorn,Newcastle Disease,Oxytetracycline,15.5,7
275,2.57,Sussex,Newcastle Disease,Oxytetracycline,25.7,7
241,3.28,Australorp,Coccidiosis,Amprolium,32.8,5
587,1.29,Leghorn,Coccidiosis,Amprolium,12.9,6
318,2.29,Plymouth Rock,Infectious Bronchitis,Tylosin,57.25,5
54,1.31,Sussex,Infectious Bronchitis,Tylosin,32.75,5
323,2.78,Rhode Island Red,Newcastle Disease,Oxytetracycline,27.8,7
151,2.83,Plymouth Rock,Salmonellosis,Neomycin,28.3,5
320,2.02,Broiler,Coccidiosis,Amprolium,20.2,6
325,2.96,Cornish Cross,Infectious Bronchitis,Tylosin,74.0,5
188,2.27,Plymouth Rock,E. coli Infection,Doxycycline,45.4,7
114,3.4,Cornish Cross,Fowl Cholera,Sulfaquinoxaline,102.0,10
335,2.38,Plymouth Rock,Coccidiosis,Amprolium,23.8,6
454,1.51,Leghorn,E. coli Infection,Doxycycline,30.2,5
267,3.29,Broiler,Newcastle Disease,Oxytetracycline,32.9,7
394,2.56,Australorp,Coccidiosis,Amprolium,25.6,6
391,2.74,Sussex,E. coli Infection,Doxycycline,54.8,7
389,2.76,Sussex,Salmonellosis,Neomycin,27.6,6
75,1.83,Rhode Island Red,Coccidiosis,Amprolium,18.3,5
475,3.16,Cornish Cross,Coccidiosis,Amprolium,31.6,6
168,2.19,Rhode Island Red,Coccidiosis,Amprolium,21.9,6
484,2.29,Rhode Island Red,Newcastle Disease,Oxytetracycline,22.9,7
532,1.59,Leghorn,Coccidiosis,Amprolium,15.9,6
465,2.9,Plymouth Rock,Newcastle Disease,Oxytetracycline,29.0,6
407,2.57,Rhode Island Red,Fowl Cholera,Sulfaquinoxaline,77.1,8
378,3.1,Cornish Cross,Coccidiosis,Amprolium,31.0,5
472,2.78,Cornish Cross,Salmonellosis,Neomycin,27.8,6
420,2.87,Plymouth Rock,Coccidiosis,Amprolium,28.7,6
365,2.62,Rhode Island Red,Salmonellosis,Neomycin,26.2,5
505,2.34,Rhode Island Red,Infectious Bronchitis,Tylosin,58.5,5
31,0.89,Australorp,Fowl Cholera,Sulfaquinoxaline,26.7,7
582,2.29,Plymouth Rock,Coccidiosis,Amprolium,22.9,5
19,0.44,Sussex,Newcastle Disease,Oxytetracycline,4.4,6
93,2.16,Rhode Island Red,E. coli Infection,Doxycycline,43.2,7
416,2.96,Sussex,Infectious Bronchitis,Tylosin,74.0,6
384,3.24,Cornish Cross,Infectious Bronchitis,Tylosin,81.0,5
105,2.05,Rhode Island Red,Newcastle Disease,Oxytetracycline,20.5,7
416,1.29,Leghorn,Salmonellosis,Neomycin,12.9,7
545,2.91,Australorp,Infectious Bronchitis,Tylosin,72.75,6
552,2.38,Broiler,Infectious Bronchitis,Tylosin,59.5,6
150,3.46,Australorp,Infectious Bronchitis,Tylosin,86.5,5
541,3.29,Cornish Cross,Newcastle Disease,Oxytetracycline,32.9,6
247,2.21,Rhode Island Red,Coccidiosis,Amprolium,22.1,5
246,2.67,Broiler,Infectious Bronchitis,Tylosin,66.75,5
290,2.92,Broiler,Fowl Cholera,Sulfaquinoxaline,87.6,10
595,1.64,Leghorn,Coccidiosis,Amprolium,16.4,5
273,1.38,Leghorn,E. coli Infection,Doxycycline,27.6,5
91,2.23,Broiler,Salmonellosis,Neomycin,22.3,6
563,1.88,Broiler,Coccidiosis,Amprolium,18.8,6
161,3.4,Australorp,E. coli Infection,Doxycycline,68.0,7
493,3.12,Australorp,Coccidiosis,Amprolium,31.2,5
120,1.34,Leghorn,Newcastle Disease,Oxytetracycline,13.4,7
510,2.8,Plymouth Rock,Fowl Cholera,Sulfaquinoxaline,84.0,10
203,1.43,Leghorn,Salmonellosis,Neomycin,14.3,5
43,1.73,Broiler,Coccidiosis,Amprolium,17.3,6
509,2.95,Sussex,Newcastle Disease,Oxytetracycline,29.5,6
41,0.89,Australorp,Newcastle Disease,Oxytetracycline,8.9,7
228,2.5,Broiler,Newcastle Disease,Oxytetracycline,25.0,6
519,2.65,Rhode Island Red,Coccidiosis,Amprolium,26.5,5
596,2.28,Plymouth Rock,E. coli Infection,Doxycycline,45.6,6
490,3.11,Cornish Cross,Coccidiosis,Amprolium,31.1,6
16,0.16,Leghorn,Salmonellosis,Neomycin,1.6,6
266,2.83,Cornish Cross,E. coli Infection,Doxycycline,56.6,6
272,2.84,Broiler,Fowl Cholera,Sulfaquinoxaline,85.2,8
312,2.13,Broiler,Infectious Bronchitis,Tylosin,53.25,6
598,2.87,Rhode Island Red,Infectious Bronchitis,Tylosin,71.75,5
69,0.76,Leghorn,Coccidiosis,Amprolium,7.6,6
213,3.27,Australorp,Newcastle Disease,Oxytetracycline,32.7,7
56,2.26,Cornish Cross,Newcastle Disease,Oxytetracycline,22.6,6
554,2.41,Rhode Island Red,Infectious Bronchitis,Tylosin,60.25,5
406,2.94,Australorp,Salmonellosis,Neomycin,29.4,5
230,2.8,Sussex,Fowl Cholera,Sulfaquinoxaline,84.0,8
325,2.58,Rhode Island Red,Coccidiosis,Amprolium,25.8,5
96,1.64,Plymouth Rock,Infectious Bronchitis,Tylosin,41.0,5
120,1.75,Leghorn,Infectious Bronchitis,Tylosin,43.75,6
159,2.74,Plymouth Rock,Infectious Bronchitis,Tylosin,68.5,5
49,1.08,Rhode Island Red,Infectious Bronchitis,Tylosin,27.0,5
420,1.37,Leghorn,E. coli Infection,Doxycycline,27.4,6
125,3.31,Australorp,Infectious Bronchitis,Tylosin,82.75,6
331,2.73,Plymouth Rock,Newcastle Disease,Oxytetracycline,27.3,7
253,3.26,Cornish Cross,Newcastle Disease,Oxytetracycline,32.6,6
165,2.26,Plymouth Rock,Salmonellosis,Neomycin,22.6,6
65,1.16,Rhode Island Red,Salmonellosis,Neomycin,11.6,6
32,0.81,Australorp,Newcastle Disease,Oxytetracycline,8.1,6
401,2.71,Sussex,Newcastle Disease,Oxytetracycline,27.1,6
379,2.67,Plymouth Rock,E. coli Infection,Doxycycline,53.4,6
451,2.53,Australorp,Newcastle Disease,Oxytetracycline,25.3,6
481,2.8,Sussex,Coccidiosis,Amprolium,28.0,5
583,2.22,Broiler,Salmonellosis,Neomycin,22.2,7
75,1.74,Sussex,Newcastle Disease,Oxytetracycline,17.4,7
357,3.49,Australorp,E. coli Infection,Doxycycline,69.8,6
232,1.31,Leghorn,Fowl Cholera,Sulfaquinoxaline,39.3,10
375,2.88,Broiler,E. coli Infection,Doxycycline,57.6,6
454,2.19,Rhode Island Red,Fowl Cholera,Sulfaquinoxaline,65.7,7
548,3.37,Australorp,Coccidiosis,Amprolium,33.7,6
252,2.81,Rhode Island Red,Salmonellosis,Neomycin,28.1,5
449,3.39,Australorp,Newcastle Disease,Oxytetracycline,33.9,7
520,1.73,Broiler,Newcastle Disease,Oxytetracycline,17.3,7
91,2.19,Australorp,Infectious Bronchitis,Tylosin,54.75,6
400,1.9,Broiler,Fowl Cholera,Sulfaquinoxaline,57.0,8
597,2.16,Plymouth Rock,E. coli Infection,Doxycycline,43.2,6
104,1.26,Leghorn,Infectious Bronchitis,Tylosin,31.5,6
93,1.95,Sussex,Coccidiosis,Amprolium,19.5,5
526,2.87,Rhode Island Red,Coccidiosis,Amprolium,28.7,6
20,0.47,Rhode Island Red,Coccidiosis,Amprolium,4.7,5
438,2.65,Sussex,E. coli Infection,Doxycycline,53.0,7
352,2.87,Plymouth Rock,Fowl Cholera,Sulfaquinoxaline,86.1,8
405,2.64,Cornish Cross,E. coli Infection,Doxycycline,52.8,7
189,2.59,Cornish Cross,Coccidiosis,Amprolium,25.9,6
445,3.27,Broiler,Salmonellosis,Neomycin,32.7,5
26,0.6,Plymouth Rock,Coccidiosis,Amprolium,6.0,6
364,2.92,Cornish Cross,E. coli Infection,Doxycycline,58.4,7
99,2.38,Plymouth Rock,Newcastle Disease,Oxytetracycline,23.8,7
452,2.14,Plymouth Rock,Salmonellosis,Neomycin,21.4,7
293,2.97,Broiler,Fowl Cholera,Sulfaquinoxaline,89.1,9
286,1.79,Leghorn,E. coli Infection,Doxycycline,35.8,6
427,2.53,Rhode Island Red,E. coli Infection,Doxycycline,50.6,6
48,1.06,Australorp,Coccidiosis,Amprolium,10.6,5
472,2.99,Sussex,Coccidiosis,Amprolium,29.9,6
563,2.86,Broiler,Coccidiosis,Amprolium,28.6,5
572,1.73,Broiler,Newcastle Disease,Oxytetracycline,17.3,6
549,2.9,Australorp,Infectious Bronchitis,Tylosin,72.5,5
213,2.22,Rhode Island Red,E. coli Infection,Doxycycline,44.4,6
330,2.82,Cornish Cross,Salmonellosis,Neomycin,28.2,6
296,2.8,Cornish Cross,Coccidiosis,Amprolium,28.0,5
282,2.79,Cornish Cross,Coccidiosis,Amprolium,27.9,5
172,2.83,Cornish Cross,Coccidiosis,Amprolium,28.3,6
348,2.73,Australorp,Newcastle Disease,Oxytetracycline,27.3,6
397,2.33,Plymouth Rock,Coccidiosis,Amprolium,23.3,5
403,2.91,Australorp,E. coli Infection,Doxycycline,58.2,6
402,2.37,Plymouth Rock,Fowl Cholera,Sulfaquinoxaline,71.1,10
378,3.41,Australorp,Salmonellosis,Neomycin,34.1,7
102,1.72,Broiler,Infectious Bronchitis,Tylosin,43.0,6
537,2.8,Cornish Cross,Newcastle Disease,Oxytetracycline,28.0,7
201,1.51,Leghorn,E. coli Infection,Doxycycline,30.2,6
414,2.62,Broiler,Salmonellosis,Neomycin,26.2,5
176,3.22,Australorp,Infectious Bronchitis,Tylosin,80.5,6
91,2.64,Broiler,Newcastle Disease,Oxytetracycline,26.4,7
590,3.5,Australorp,E. coli Infection,Doxycycline,70.0,7
40,0.8,Plymouth Rock,Newcastle Disease,Oxytetracycline,8.0,7
300,2.78,Sussex,E. coli Infection,Doxycycline,55.6,6
207,1.35,Leghorn,Coccidiosis,Amprolium,13.5,6
192,2.76,Broiler,Coccidiosis,Amprolium,27.6,5
335,2.87,Sussex,E. coli Infection,Doxycycline,57.4,6
254,2.35,Plymouth Rock,E. coli Infection,Doxycycline,47.0,6
385,2.85,Sussex,Salmonellosis,Neomycin,28.5,6
331,3.28,Broiler,Coccidiosis,Amprolium,32.8,5
300,2.24,Broiler,E. coli Infection,Doxycycline,44.8,5
423,2.04,Rhode Island Red,Fowl Cholera,Sulfaquinoxaline,61.2,8
386,1.24,Leghorn,Newcastle Disease,Oxytetracycline,12.4,7
423,3.04,Australorp,Salmonellosis,Neomycin,30.4,5
384,2.89,Plymouth Rock,Salmonellosis,Neomycin,28.9,7
152,3.44,Broiler,Coccidiosis,Amprolium,34.4,5
315,1.25,Leghorn,Salmonellosis,Neomycin,12.5,5
386,2.89,Sussex,Coccidiosis,Amprolium,28.9,5
594,2.32,Rhode Island Red,Infectious Bronchitis,Tylosin,58.0,5
16,0.45,Australorp,Newcastle Disease,Oxytetracycline,4.5,7
466,1.55,Leghorn,Coccidiosis,Amprolium,15.5,5
219,3.08,Broiler,Coccidiosis,Amprolium,30.8,6
417,3.17,Cornish Cross,Coccidiosis,Amprolium,31.7,6
254,3.26,Cornish Cross,Coccidiosis,Amprolium,32.6,6
38,1.28,Broiler,E. coli Infection,Doxycycline,25.6,5
49,2.25,Cornish Cross,E. coli Infection,Doxycycline,45.0,5
74,1.67,Australorp,Salmonellosis,Neomycin,16.7,7
365,2.72,Sussex,Salmonellosis,Neomycin,27.2,7
298,3.45,Cornish Cross,Newcastle Disease,Oxytetracycline,34.5,6
143,3.12,Cornish Cross,Coccidiosis,Amprolium,31.2,6
327,1.79,Broiler,Coccidiosis,Amprolium,17.9,6
432,2.81,Sussex,Newcastle Disease,Oxytetracycline,28.1,7
579,3.47,Cornish Cross,E. coli Infection,Doxycycline,69.4,5
530,2.71,Sussex,Newcastle Disease,Oxytetracycline,27.1,6
78,3.13,Broiler,E. coli Infection,Doxycycline,62.6,7
427,2.82,Broiler,Coccidiosis,Amprolium,28.2,5
578,2.97,Plymouth Rock,Coccidiosis,Amprolium,29.7,5
212,2.53,Sussex,Newcastle Disease,Oxytetracycline,25.3,7
431,2.65,Cornish Cross,Coccidiosis,Amprolium,26.5,6
443,1.27,Leghorn,Newcastle Disease,Oxytetracycline,12.7,6
164,1.44,Leghorn,Newcastle Disease,Oxytetracycline,14.4,7
411,2.6,Cornish Cross,Infectious Bronchitis,Tylosin,65.0,6
241,2.71,Sussex,Infectious Bronchitis,Tylosin,67.75,5
365,1.79,Broiler,Fowl Cholera,Sulfaquinoxaline,53.7,8
212,3.41,Cornish Cross,Salmonellosis,Neomycin,34.1,5
86,2.1,Sussex,Infectious Bronchitis,Tylosin,52.5,6
421,2.74,Australorp,Coccidiosis,Amprolium,27.4,5
415,3.4,Australorp,Coccidiosis,Amprolium,34.0,6
366,2.7,Rhode Island Red,Infectious Bronchitis,Tylosin,67.5,6
116,2.6,Sussex,E. coli Infection,Doxycycline,52.0,7
536,1.55,Leghorn,Infectious Bronchitis,Tylosin,38.75,6
521,3.29,Cornish Cross,Coccidiosis,Amprolium,32.9,5
216,2.56,Australorp,Newcastle Disease,Oxytetracycline,25.6,6
426,3.0,Cornish Cross,E. coli Infection,Doxycycline,60.0,7
566,2.68,Plymouth Rock,Salmonellosis,Neomycin,26.8,6
356,2.76,Sussex,Coccidiosis,Amprolium,27.6,6
331,2.72,Broiler,Newcastle Disease,Oxytetracycline,27.2,6
219,3.25,Australorp,Coccidiosis,Amprolium,32.5,6
290,2.77,Rhode Island Red,Infectious Bronchitis,Tylosin,69.25,6
278,1.59,Broiler,Infectious Bronchitis,Tylosin,39.75,6
577,2.14,Rhode Island Red,E. coli Infection,Doxycycline,42.8,7
160,2.37,Broiler,Infectious Bronchitis,Tylosin,59.25,5
498,2.32,Rhode Island Red,Newcastle Disease,Oxytetracycline,23.2,7
388,2.58,Cornish Cross,Newcastle Disease,Oxytetracycline,25.8,6
467,2.29,Broiler,Newcastle Disease,Oxytetracycline,22.9,7
225,2.68,Sussex,Newcastle Disease,Oxytetracycline,26.8,6
597,2.81,Plymouth Rock,Newcastle Disease,Oxytetracycline,28.1,7
147,1.53,Broiler,Infectious Bronchitis,Tylosin,38.25,6
302,3.14,Cornish Cross,Salmonellosis,Neomycin,31.4,5
238,2.66,Broiler,Coccidiosis,Amprolium,26.6,5
506,3.41,Cornish Cross,Newcastle Disease,Oxytetracycline,34.1,6
300,2.59,Sussex,Coccidiosis,Amprolium,25.9,6
121,3.28,Australorp,Newcastle Disease,Oxytetracycline,32.8,7
289,2.75,Australorp,E. coli Infection,Doxycycline,55.0,5
563,3.22,Broiler,Infectious Bronchitis,Tylosin,80.5,5
8,0.18,Sussex,Newcastle Disease,Oxytetracycline,1.8,6
305,2.53,Sussex,Infectious Bronchitis,Tylosin,63.25,5
63,2.62,Broiler,Coccidiosis,Amprolium,26.2,5
290,1.73,Leghorn,Infectious Bronchitis,Tylosin,43.25,5
71,1.39,Plymouth Rock,Coccidiosis,Amprolium,13.9,6
595,2.88,Cornish Cross,Coccidiosis,Amprolium,28.8,5
120,3.44,Cornish Cross,Coccidiosis,Amprolium,34.4,6
210,3.18,Cornish Cross,Newcastle Disease,Oxytetracycline,31.8,7
315,2.84,Rhode Island Red,Salmonellosis,Neomycin,28.4,7
42,0.97,Plymouth Rock,Newcastle Disease,Oxytetracycline,9.7,7
293,3.06,Australorp,E. coli Infection,Doxycycline,61.2,7
489,2.43,Plymouth Rock,Fowl Cholera,Sulfaquinoxaline,72.9,8
49,0.84,Rhode Island Red,Fowl Cholera,Sulfaquinoxaline,25.2,10
394,1.88,Broiler,Infectious Bronchitis,Tylosin,47.0,6
526,2.99,Broiler,Salmonellosis,Neomycin,29.9,6
49,0.63,Leghorn,Coccidiosis,Amprolium,6.3,6
38,1.8,Cornish Cross,Coccidiosis,Amprolium,18.0,5
504,2.31,Rhode Island Red,Coccidiosis,Amprolium,23.1,5
301,2.32,Plymouth Rock,Coccidiosis,Amprolium,23.2,6
197,2.18,Plymouth Rock,Fowl Cholera,Sulfaquinoxaline,65.4,8
568,2.93,Australorp,Coccidiosis,Amprolium,29.3,5
99,1.97,Rhode Island Red,Coccidiosis,Amprolium,19.7,6
293,2.53,Australorp,Coccidiosis,Amprolium,25.3,5
147,2.65,Sussex,Fowl Cholera,Sulfaquinoxaline,79.5,9
399,2.91,Sussex,Salmonellosis,Neomycin,29.1,5
142,2.94,Plymouth Rock,E. coli Infection,Doxycycline,58.8,5
25,0.37,Leghorn,Coccidiosis,Amprolium,3.7,6
469,2.73,Cornish Cross,Infectious Bronchitis,Tylosin,68.25,6
38,0.88,Sussex,Salmonellosis,Neomycin,8.8,7
147,2.41,Rhode Island Red,Fowl Cholera,Sulfaquinoxaline,72.3,9
124,3.24,Cornish Cross,Salmonellosis,Neomycin,32.4,5
269,2.34,Plymouth Rock,E. coli Infection,Doxycycline,46.8,6
94,2.17,Australorp,E. coli Infection,Doxycycline,43.4,7
384,2.05,Broiler,Salmonellosis,Neomycin,20.5,7
593,3.01,Cornish Cross,Coccidiosis,Amprolium,30.1,6
373,2.01,Rhode Island Red,Coccidiosis,Amprolium,20.1,5
535,1.22,Leghorn,Coccidiosis,Amprolium,12.2,5
595,2.68,Sussex,Coccidiosis,Amprolium,26.8,5
486,2.55,Sussex,Fowl Cholera,Sulfaquinoxaline,76.5,8
564,1.54,Leghorn,Newcastle Disease,Oxytetracycline,15.4,6
454,2.13,Plymouth Rock,E. coli Infection,Doxycycline,42.6,6
445,2.4,Plymouth Rock,E. coli Infection,Doxycycline,48.0,6
514,3.47,Broiler,Coccidiosis,Amprolium,34.7,6
479,2.6,Australorp,Infectious Bronchitis,Tylosin,65.0,6
600,1.94,Broiler,Newcastle Disease,Oxytetracycline,19.4,6
64,2.92,Cornish Cross,Newcastle Disease,Oxytetracycline,29.2,7
224,3.14,Cornish Cross,Coccidiosis,Amprolium,31.4,5
572,3.36,Broiler,Coccidiosis,Amprolium,33.6,6
566,1.82,Broiler,Coccidiosis,Amprolium,18.2,6
394,1.33,Leghorn,Coccidiosis,Amprolium,13.3,5
87,2.56,Broiler,Coccidiosis,Amprolium,25.6,5
132,1.78,Leghorn,Salmonellosis,Neomycin,17.8,6
285,2.98,Australorp,Coccidiosis,Amprolium,29.8,5
85,1.81,Sussex,E. coli Infection,Doxycycline,36.2,5
64,0.92,Leghorn,Coccidiosis,Amprolium,9.2,5
372,3.31,Australorp,Coccidiosis,Amprolium,33.1,5
321,1.54,Broiler,Infectious Bronchitis,Tylosin,38.5,5
320,2.65,Plymouth Rock,Newcastle Disease,Oxytetracycline,26.5,6
334,1.83,Broiler,Salmonellosis,Neomycin,18.3,7
217,2.84,Plymouth Rock,E. coli Infection,Doxycycline,56.8,6
56,2.39,Cornish Cross,Newcastle Disease,Oxytetracycline,23.9,6
180,3.49,Cornish Cross,Infectious Bronchitis,Tylosin,87.25,6
308,2.64,Sussex,Newcastle Disease,Oxytetracycline,26.4,7
455,2.23,Broiler,Newcastle Disease,Oxytetracycline,22.3,7
398,1.43,Leghorn,Coccidiosis,Amprolium,14.3,5
167,2.99,Rhode Island Red,Infectious Bronchitis,Tylosin,74.75,6
499,3.35,Australorp,E. coli Infection,Doxycycline,67.0,7
311,2.94,Broiler,Coccidiosis,Amprolium,29.4,5
240,2.59,Plymouth Rock,Newcastle Disease,Oxytetracycline,25.9,6
201,2.54,Plymouth Rock,Coccidiosis,Amprolium,25.4,6
579,3.0,Rhode Island Red,Fowl Cholera,Sulfaquinoxaline,90.0,7
531,2.2,Rhode Island Red,E. coli Infection,Doxycycline,44.0,5
130,2.88,Plymouth Rock,Newcastle Disease,Oxytetracycline,28.8,6
354,2.18,Plymouth Rock,Newcastle Disease,Oxytetracycline,21.8,6
599,1.23,Leghorn,Fowl Cholera,Sulfaquinoxaline,36.9,8
456,1.78,Leghorn,E. coli Infection,Doxycycline,35.6,6
386,3.25,Australorp,Coccidiosis,Amprolium,32.5,6
133,1.34,Leghorn,Newcastle Disease,Oxytetracycline,13.4,6
127,2.4,Plymouth Rock,Newcastle Disease,Oxytetracycline,24.0,6
555,1.64,Leghorn,E. coli Infection,Doxycycline,32.8,5
155,2.92,Rhode Island Red,Infectious Bronchitis,Tylosin,73.0,5
117,3.17,Australorp,Newcastle Disease,Oxytetracycline,31.7,7
480,3.12,Australorp,Coccidiosis,Amprolium,31.2,6
390,2.82,Cornish Cross,E. coli Infection,Doxycycline,56.4,7
396,2.38,Rhode Island Red,Infectious Bronchitis,Tylosin,59.5,6
311,1.63,Leghorn,Infectious Bronchitis,Tylosin,40.75,6
8,0.18,Rhode Island Red,Coccidiosis,Amprolium,1.8,5
408,2.65,Cornish Cross,Salmonellosis,Neomycin,26.5,6
55,1.37,Broiler,Newcastle Disease,Oxytetracycline,13.7,6
416,2.7,Cornish Cross,Coccidiosis,Amprolium,27.0,5
124,1.37,Leghorn,Newcastle Disease,Oxytetracycline,13.7,6
408,1.45,Leghorn,Fowl Cholera,Sulfaquinoxaline,43.5,7
411,2.76,Cornish Cross,Infectious Bronchitis,Tylosin,69.0,6
96,2.32,Rhode Island Red,E. coli Infection,Doxycycline,46.4,6
257,2.04,Rhode Island Red,Salmonellosis,Neomycin,20.4,7
308,2.82,Rhode Island Red,E. coli Infection,Doxycycline,56.4,7
396,2.94,Rhode Island Red,E. coli Infection,Doxycycline,58.8,7
545,2.65,Broiler,Newcastle Disease,Oxytetracycline,26.5,7
20,0.86,Cornish Cross,Infectious Bronchitis,Tylosin,21.5,5
232,2.81,Cornish Cross,Fowl Cholera,Sulfaquinoxaline,84.3,8
267,1.74,Leghorn,Salmonellosis,Neomycin,17.4,5
526,2.73,Sussex,Infectious Bronchitis,Tylosin,68.25,6
173,3.37,Australorp,Newcastle Disease,Oxytetracycline,33.7,7
169,2.61,Cornish Cross,Newcastle Disease,Oxytetracycline,26.1,6
391,2.06,Plymouth Rock,Salmonellosis,Neomycin,20.6,6
510,2.26,Plymouth Rock,Coccidiosis,Amprolium,22.6,6
190,3.48,Cornish Cross,Salmonellosis,Neomycin,34.8,5
581,2.92,Broiler,Infectious Bronchitis,Tylosin,73.0,6
322,3.29,Broiler,Salmonellosis,Neomycin,32.9,6
318,2.73,Rhode Island Red,Coccidiosis,Amprolium,27.3,5
98,2.33,Rhode Island Red,E. coli Infection,Doxycycline,46.6,5
465,2.6,Plymouth Rock,E. coli Infection,Doxycycline,52.0,6
483,2.65,Rhode Island Red,Newcastle Disease,Oxytetracycline,26.5,6
348,1.71,Leghorn,Infectious Bronchitis,Tylosin,42.75,5
215,2.03,Rhode Island Red,Newcastle Disease,Oxytetracycline,20.3,6
22,0.66,Broiler,Infectious Bronchitis,Tylosin,16.5,6
567,2.24,Broiler,Salmonellosis,Neomycin,22.4,7
330,3.29,Cornish Cross,Coccidiosis,Amprolium,32.9,6
370,2.59,Australorp,Newcastle Disease,Oxytetracycline,25.9,6
155,2.13,Plymouth Rock,E. coli Infection,Doxycycline,42.6,5
396,2.82,Broiler,Coccidiosis,Amprolium,28.2,6
59,0.61,Leghorn,Infectious Bronchitis,Tylosin,15.25,5
406,3.23,Australorp,E. coli Infection,Doxycycline,64.6,6
323,2.5,Rhode Island Red,Newcastle Disease,Oxytetracycline,25.0,7
530,2.65,Rhode Island Red,E. coli Infection,Doxycycline,53.0,5
220,2.58,Australorp,Infectious Bronchitis,Tylosin,64.5,6
399,3.25,Cornish Cross,Coccidiosis,Amprolium,32.5,6
284,3.34,Cornish Cross,E. coli Infection,Doxycycline,66.8,5
363,2.85,Plymouth Rock,Salmonellosis,Neomycin,28.5,5
429,2.53,Rhode Island Red,E. coli Infection,Doxycycline,50.6,6
578,2.88,Sussex,Newcastle Disease,Oxytetracycline,28.8,7
362,2.62,Sussex,Fowl Cholera,Sulfaquinoxaline,78.6,10
581,2.69,Plymouth Rock,Infectious Bronchitis,Tylosin,67.25,5
335,2.94,Plymouth Rock,Infectious Bronchitis,Tylosin,73.5,6
197,2.89,Sussex,E. coli Infection,Doxycycline,57.8,7
325,2.51,Australorp,Newcastle Disease,Oxytetracycline,25.1,7
584,1.34,Leghorn,Infectious Bronchitis,Tylosin,33.5,5
396,3.4,Australorp,Newcastle Disease,Oxytetracycline,34.0,6
246,2.17,Rhode Island Red,Newcastle Disease,Oxytetracycline,21.7,6
557,3.41,Cornish Cross,Coccidiosis,Amprolium,34.1,6
369,2.54,Sussex,Infectious Bronchitis,Tylosin,63.5,5
508,2.81,Australorp,Salmonellosis,Neomycin,28.1,5
432,2.73,Rhode Island Red,Salmonellosis,Neomycin,27.3,7
59,1.36,Plymouth Rock,Fowl Cholera,Sulfaquinoxaline,40.8,10
47,1.3,Australorp,E. coli Infection,Doxycycline,26.0,7
390,1.7,Leghorn,Newcastle Disease,Oxytetracycline,17.0,7
339,2.87,Sussex,Infectious Bronchitis,Tylosin,71.75,5
536,1.68,Leghorn,E. coli Infection,Doxycycline,33.6,6
367,2.71,Plymouth Rock,E. coli Infection,Doxycycline,54.2,7
545,2.56,Rhode Island Red,Newcastle Disease,Oxytetracycline,25.6,6
494,2.69,Sussex,Newcastle Disease,Oxytetracycline,26.9,6
143,2.81,Rhode Island Red,Infectious Bronchitis,Tylosin,70.25,6
338,2.55,Rhode Island Red,E. coli Infection,Doxycycline,51.0,5
381,2.0,Rhode Island Red,Salmonellosis,Neomycin,20.0,7
595,2.79,Rhode Island Red,Coccidiosis,Amprolium,27.9,6
523,2.65,Broiler,Salmonellosis,Neomycin,26.5,5
109,2.71,Cornish Cross,E. coli Infection,Doxycycline,54.2,7
24,0.43,Rhode Island Red,Infectious Bronchitis,Tylosin,10.75,5
373,2.95,Cornish Cross,E. coli Infection,Doxycycline,59.0,7
117,2.5,Sussex,Salmonellosis,Neomycin,25.0,5
320,3.0,Broiler,Newcastle Disease,Oxytetracycline,30.0,6
341,3.0,Cornish Cross,Coccidiosis,Amprolium,30.0,5
26,0.3,Leghorn,Infectious Bronchitis,Tylosin,7.5,5
145,2.59,Sussex,E. coli Infection,Doxycycline,51.8,5
345,2.81,Rhode Island Red,E. coli Infection,Doxycycline,56.2,6
21,0.51,Australorp,Coccidiosis,Amprolium,5.1,5
359,2.65,Broiler,Infectious Bronchitis,Tylosin,66.25,6
120,1.46,Leghorn,E. coli Infection,Doxycycline,29.2,5
567,2.87,Rhode Island Red,Newcastle Disease,Oxytetracycline,28.7,6
80,1.77,Sussex,Newcastle Disease,Oxytetracycline,17.7,7
161,3.3,Broiler,Infectious Bronchitis,Tylosin,82.5,6
261,2.79,Sussex,Infectious Bronchitis,Tylosin,69.75,6
530,2.05,Broiler,E. coli Infection,Doxycycline,41.0,6
367,1.46,Leghorn,Infectious Bronchitis,Tylosin,36.5,6
100,1.78,Rhode Island Red,Infectious Bronchitis,Tylosin,44.5,6
341,2.06,Plymouth Rock,Newcastle Disease,Oxytetracycline,20.6,6
232,1.21,Leghorn,E. coli Infection,Doxycycline,24.2,6
293,2.68,Cornish Cross,Fowl Cholera,Sulfaquinoxaline,80.4,10
142,3.25,Australorp,E. coli Infection,Doxycycline,65.0,5
76,0.82,Leghorn,Salmonellosis,Neomycin,8.2,7
113,3.1,Cornish Cross,Coccidiosis,Amprolium,31.0,6
339,3.37,Cornish Cross,Salmonellosis,Neomycin,33.7,7
415,2.59,Broiler,Newcastle Disease,Oxytetracycline,25.9,6
381,2.66,Australorp,Coccidiosis,Amprolium,26.6,6
305,1.62,Leghorn,Infectious Bronchitis,Tylosin,40.5,5
422,2.54,Sussex,Infectious Bronchitis,Tylosin,63.5,5
385,1.58,Leghorn,Newcastle Disease,Oxytetracycline,15.8,6
49,0.89,Plymouth Rock,E. coli Infection,Doxycycline,17.8,6
72,1.51,Sussex,Salmonellosis,Neomycin,15.1,5
522,2.85,Australorp,Salmonellosis,Neomycin,28.5,5
595,2.07,Broiler,Fowl Cholera,Sulfaquinoxaline,62.1,10
496,2.67,Sussex,E. coli Infection,Doxycycline,53.4,5
123,1.79,Broiler,Coccidiosis,Amprolium,17.9,5
383,2.88,Cornish Cross,Infectious Bronchitis,Tylosin,72.0,6
475,1.43,Leghorn,Newcastle Disease,Oxytetracycline,14.3,7
150,3.45,Australorp,Newcastle Disease,Oxytetracycline,34.5,6
10,0.23,Australorp,E. coli Infection,Doxycycline,4.6,5
305,3.14,Cornish Cross,Coccidiosis,Amprolium,31.4,5
546,2.68,Australorp,Newcastle Disease,Oxytetracycline,26.8,6
285,2.71,Plymouth Rock,Salmonellosis,Neomycin,27.1,7
192,2.78,Sussex,E. coli Infection,Doxycycline,55.6,5
154,2.53,Broiler,E. coli Infection,Doxycycline,50.6,6
432,2.02,Plymouth Rock,Fowl Cholera,Sulfaquinoxaline,60.6,8
276,2.58,Australorp,Newcastle Disease,Oxytetracycline,25.8,7
268,2.57,Australorp,E. coli Infection,Doxycycline,51.4,7
59,0.77,Leghorn,Coccidiosis,Amprolium,7.7,6
19,0.21,Leghorn,E. coli Infection,Doxycycline,4.2,7
86,0.94,Leghorn,Salmonellosis,Neomycin,9.4,6
160,2.98,Sussex,Newcastle Disease,Oxytetracycline,29.8,7
299,1.4,Leghorn,E. coli Infection,Doxycycline,28.0,6
363,3.36,Broiler,Infectious Bronchitis,Tylosin,84.0,6
112,1.93,Plymouth Rock,Infectious Bronchitis,Tylosin,48.25,6
231,2.8,Broiler,E. coli Infection,Doxycycline,56.0,6
346,2.6,Sussex,Coccidiosis,Amprolium,26.0,6
272,2.76,Sussex,Infectious Bronchitis,Tylosin,69.0,5
19,0.37,Rhode Island Red,Newcastle Disease,Oxytetracycline,3.7,7
112,3.38,Broiler,E. coli Infection,Doxycycline,67.6,6
427,2.77,Rhode Island Red,Newcastle Disease,Oxytetracycline,27.7,7
135,2.6,Cornish Cross,Coccidiosis,Amprolium,26.0,5
382,2.58,Plymouth Rock,E. coli Infection,Doxycycline,51.6,7
67,1.27,Plymouth Rock,Fowl Cholera,Sulfaquinoxaline,38.1,7
495,2.89,Broiler,Fowl Cholera,Sulfaquinoxaline,86.7,8
206,2.69,Sussex,Fowl Cholera,Sulfaquinoxaline,80.7,8
289,2.81,Plymouth Rock,Newcastle Disease,Oxytetracycline,28.1,6
89,2.17,Sussex,Fowl Cholera,Sulfaquinoxaline,65.1,10
504,3.21,Cornish Cross,E. coli Infection,Doxycycline,64.2,7
106,2.08,Plymouth Rock,Infectious Bronchitis,Tylosin,52.0,5
305,2.36,Rhode Island Red,Coccidiosis,Amprolium,23.6,5
432,3.43,Australorp,Coccidiosis,Amprolium,34.3,5
317,3.23,Australorp,Infectious Bronchitis,Tylosin,80.75,5
122,2.54,Rhode Island Red,Coccidiosis,Amprolium,25.4,6
430,2.15,Rhode Island Red,Infectious Bronchitis,Tylosin,53.75,5
30,0.31,Leghorn,Infectious Bronchitis,Tylosin,7.75,5
350,3.32,Cornish Cross,Coccidiosis,Amprolium,33.2,6
92,2.82,Broiler,Newcastle Disease,Oxytetracycline,28.2,7
558,1.29,Leghorn,Infectious Bronchitis,Tylosin,32.25,6
125,2.44,Broiler,Fowl Cholera,Sulfaquinoxaline,73.2,9
440,2.97,Broiler,E. coli Infection,Doxycycline,59.4,6
50,1.19,Australorp,E. coli Infection,Doxycycline,23.8,7
52,1.27,Rhode Island Red,E. coli Infection,Doxycycline,25.4,5
456,2.54,Sussex,Newcastle Disease,Oxytetracycline,25.4,6
435,2.67,Cornish Cross,Fowl Cholera,Sulfaquinoxaline,80.1,10
180,1.34,Leghorn,Infectious Bronchitis,Tylosin,33.5,6
550,1.66,Leghorn,Infectious Bronchitis,Tylosin,41.5,6
486,3.12,Broiler,Newcastle Disease,Oxytetracycline,31.2,7
345,1.4,Leghorn,Newcastle Disease,Oxytetracycline,14.0,7
425,2.47,Rhode Island Red,Coccidiosis,Amprolium,24.7,5
140,2.75,Plymouth Rock,Coccidiosis,Amprolium,27.5,5
50,1.2,Australorp,Fowl Cholera,Sulfaquinoxaline,36.0,8
110,2.88,Cornish Cross,Fowl Cholera,Sulfaquinoxaline,86.4,8
49,1.11,Plymouth Rock,E. coli Infection,Doxycycline,22.2,5
456,2.89,Sussex,Coccidiosis,Amprolium,28.9,5
68,0.97,Leghorn,Newcastle Disease,Oxytetracycline,9.7,7
325,1.78,Leghorn,E. coli Infection,Doxycycline,35.6,7
500,2.77,Rhode Island Red,Salmonellosis,Neomycin,27.7,7
63,2.0,Broiler,Coccidiosis,Amprolium,20.0,5
411,2.15,Plymouth Rock,Coccidiosis,Amprolium,21.5,6
395,2.61,Plymouth Rock,Infectious Bronchitis,Tylosin,65.25,6
458,1.49,Leghorn,Newcastle Disease,Oxytetracycline,14.9,7
167,3.45,Australorp,Salmonellosis,Neomycin,34.5,5
92,3.08,Cornish Cross,Coccidiosis,Amprolium,30.8,6
425,3.02,Broiler,Newcastle Disease,Oxytetracycline,30.2,7
464,3.11,Cornish Cross,Salmonellosis,Neomycin,31.1,6
581,2.49,Plymouth Rock,Newcastle Disease,Oxytetracycline,24.9,7
581,2.59,Sussex,Newcastle Disease,Oxytetracycline,25.9,6
568,3.35,Cornish Cross,Coccidiosis,Amprolium,33.5,5
546,2.78,Rhode Island Red,Coccidiosis,Amprolium,27.8,6
550,3.0,Rhode Island Red,E. coli Infection,Doxycycline,60.0,7
426,2.61,Australorp,Newcastle Disease,Oxytetracycline,26.1,7
481,2.94,Sussex,Newcastle Disease,Oxytetracycline,29.4,6
243,2.41,Rhode Island Red,Fowl Cholera,Sulfaquinoxaline,72.3,8
380,1.56,Leghorn,Fowl Cholera,Sulfaquinoxaline,46.8,9
110,1.96,Rhode Island Red,Fowl Cholera,Sulfaquinoxaline,58.8,7
74,1.26,Rhode Island Red,Salmonellosis,Neomycin,12.6,5
271,2.83,Rhode Island Red,Newcastle Disease,Oxytetracycline,28.3,7
67,0.71,Leghorn,Infectious Bronchitis,Tylosin,17.75,6
593,1.22,Leghorn,Infectious Bronchitis,Tylosin,30.5,5
17,0.41,Sussex,Coccidiosis,Amprolium,4.1,6
423,2.08,Plymouth Rock,Infectious Bronchitis,Tylosin,52.0,5
558,2.53,Cornish Cross,Salmonellosis,Neomycin,25.3,6
340,2.78,Sussex,Coccidiosis,Amprolium,27.8,6
304,3.02,Australorp,Salmonellosis,Neomycin,30.2,5
545,2.94,Plymouth Rock,Salmonellosis,Neomycin,29.4,7
227,1.99,Broiler,Coccidiosis,Amprolium,19.9,6
559,2.21,Rhode Island Red,Infectious Bronchitis,Tylosin,55.25,6
19,0.23,Leghorn,Fowl Cholera,Sulfaquinoxaline,6.9,9
39,0.43,Leghorn,Coccidiosis,Amprolium,4.3,6
342,3.49,Broiler,Coccidiosis,Amprolium,34.9,6
415,3.45,Cornish Cross,Newcastle Disease,Oxytetracycline,34.5,7
584,1.32,Leghorn,Infectious Bronchitis,Tylosin,33.0,6
502,2.83,Plymouth Rock,Salmonellosis,Neomycin,28.3,5
139,2.7,Sussex,Salmonellosis,Neomycin,27.0,6
590,1.46,Leghorn,Infectious Bronchitis,Tylosin,36.5,5
11,0.53,Broiler,E. coli Infection,Doxycycline,10.6,6
43,1.05,Australorp,Fowl Cholera,Sulfaquinoxaline,31.5,10
34,0.97,Australorp,Fowl Cholera,Sulfaquinoxaline,29.1,10
388,2.47,Broiler,Coccidiosis,Amprolium,24.7,6
42,0.88,Australorp,E. coli Infection,Doxycycline,17.6,5
137,2.67,Plymouth Rock,Coccidiosis,Amprolium,26.7,5
145,2.67,Broiler,Coccidiosis,Amprolium,26.7,5
25,0.54,Rhode Island Red,Coccidiosis,Amprolium,5.4,5
35,0.65,Plymouth Rock,Coccidiosis,Amprolium,6.5,5
27,1.19,Cornish Cross,Coccidiosis,Amprolium,11.9,5
522,2.39,Rhode Island Red,Coccidiosis,Amprolium,23.9,5
61,1.27,Rhode Island Red,Coccidiosis,Amprolium,12.7,6
584,1.97,Broiler,Newcastle Disease,Oxytetracycline,19.7,6
501,2.8,Sussex,Infectious Bronchitis,Tylosin,70.0,6
489,2.97,Rhode Island Red,E. coli Infection,Doxycycline,59.4,6
63,1.14,Rhode Island Red,Coccidiosis,Amprolium,11.4,6
77,1.79,Australorp,Newcastle Disease,Oxytetracycline,17.9,7
193,1.67,Leghorn,Newcastle Disease,Oxytetracycline,16.7,7
408,3.41,Australorp,Newcastle Disease,Oxytetracycline,34.1,6
152,3.4,Cornish Cross,E. coli Infection,Doxycycline,68.0,5
331,2.93,Broiler,Infectious Bronchitis,Tylosin,73.25,5
479,3.03,Australorp,Newcastle Disease,Oxytetracycline,30.3,6
25,0.47,Plymouth Rock,Newcastle Disease,Oxytetracycline,4.7,7
296,3.06,Broiler,Fowl Cholera,Sulfaquinoxaline,91.8,8
271,2.52,Sussex,Fowl Cholera,Sulfaquinoxaline,75.6,8
28,0.61,Sussex,Infectious Bronchitis,Tylosin,15.25,5
96,1.36,Leghorn,Coccidiosis,Amprolium,13.6,5
493,2.96,Rhode Island Red,Coccidiosis,Amprolium,29.6,5
320,2.99,Sussex,Salmonellosis,Neomycin,29.9,6
227,2.97,Rhode Island Red,Coccidiosis,Amprolium,29.7,5
183,2.16,Plymouth Rock,Coccidiosis,Amprolium,21.6,5
314,3.16,Cornish Cross,Coccidiosis,Amprolium,31.6,5
529,2.75,Sussex,Newcastle Disease,Oxytetracycline,27.5,7
76,0.77,Leghorn,Fowl Cholera,Sulfaquinoxaline,23.1,10
9,0.42,Cornish Cross,Newcastle Disease,Oxytetracycline,4.2,7
34,1.03,Broiler,Newcastle Disease,Oxytetracycline,10.3,7
299,3.45,Cornish Cross,Fowl Cholera,Sulfaquinoxaline,103.5,10
205,2.0,Broiler,Infectious Bronchitis,Tylosin,50.0,6
521,2.06,Plymouth Rock,E. coli Infection,Doxycycline,41.2,6
30,0.65,Sussex,Salmonellosis,Neomycin,6.5,5
371,2.97,Australorp,Infectious Bronchitis,Tylosin,74.25,6
275,3.2,Broiler,Infectious Bronchitis,Tylosin,80.0,6
357,3.4,Cornish Cross,Infectious Bronchitis,Tylosin,85.0,5
242,3.49,Broiler,Coccidiosis,Amprolium,34.9,6
513,2.24,Rhode Island Red,Infectious Bronchitis,Tylosin,56.0,5
286,2.6,Broiler,Coccidiosis,Amprolium,26.0,5
173,2.68,Sussex,Salmonellosis,Neomycin,26.8,7
242,2.74,Sussex,Coccidiosis,Amprolium,27.4,6
541,1.26,Leghorn,Fowl Cholera,Sulfaquinoxaline,37.8,7
250,2.24,Broiler,Infectious Bronchitis,Tylosin,56.0,6
343,2.02,Plymouth Rock,Coccidiosis,Amprolium,20.2,6
390,2.8,Cornish Cross,Infectious Bronchitis,Tylosin,70.0,5
194,2.54,Plymouth Rock,E. coli Infection,Doxycycline,50.8,7
217,3.27,Australorp,Salmonellosis,Neomycin,32.7,6
9,0.1,Leghorn,Newcastle Disease,Oxytetracycline,1.0,6
179,2.51,Sussex,E. coli Infection,Doxycycline,50.2,7
531,3.23,Cornish Cross,Salmonellosis,Neomycin,32.3,7
343,2.2,Plymouth Rock,Coccidiosis,Amprolium,22.0,6
19,0.46,Rhode Island Red,Salmonellosis,Neomycin,4.6,6
590,2.94,Rhode Island Red,Coccidiosis,Amprolium,29.4,5
338,1.59,Broiler,E. coli Infection,Doxycycline,31.8,6
436,3.23,Australorp,Infectious Bronchitis,Tylosin,80.75,5
391,2.91,Rhode Island Red,Coccidiosis,Amprolium,29.1,6
538,2.59,Plymouth Rock,Infectious Bronchitis,Tylosin,64.75,5
276,1.26,Leghorn,E. coli Infection,Doxycycline,25.2,7
301,1.57,Leghorn,Coccidiosis,Amprolium,15.7,6
351,3.37,Australorp,Coccidiosis,Amprolium,33.7,6
235,2.82,Sussex,Coccidiosis,Amprolium,28.2,5
512,3.16,Cornish Cross,Salmonellosis,Neomycin,31.6,6
283,2.21,Rhode Island Red,E. coli Infection,Doxycycline,44.2,7
148,3.27,Cornish Cross,Coccidiosis,Amprolium,32.7,5
368,2.22,Plymouth Rock,Newcastle Disease,Oxytetracycline,22.2,6
442,2.95,Cornish Cross,Newcastle Disease,Oxytetracycline,29.5,6
359,2.87,Rhode Island Red,E. coli Infection,Doxycycline,57.4,6
12,0.34,Australorp,Infectious Bronchitis,Tylosin,8.5,6
11,0.21,Plymouth Rock,Salmonellosis,Neomycin,2.1,5
486,2.76,Cornish Cross,E. coli Infection,Doxycycline,55.2,7
538,2.07,Rhode Island Red,Newcastle Disease,Oxytetracycline,20.7,7
567,2.71,Cornish Cross,Infectious Bronchitis,Tylosin,67.75,6
427,2.11,Plymouth Rock,Coccidiosis,Amprolium,21.1,6
148,1.97,Broiler,Infectious Bronchitis,Tylosin,49.25,6
334,2.71,Sussex,Infectious Bronchitis,Tylosin,67.75,6
288,3.02,Cornish Cross,Coccidiosis,Amprolium,30.2,5
20,0.46,Rhode Island Red,Fowl Cholera,Sulfaquinoxaline,13.8,8
101,2.1,Plymouth Rock,Coccidiosis,Amprolium,21.0,6
462,3.19,Australorp,Salmonellosis,Neomycin,31.9,7
539,2.6,Australorp,Infectious Bronchitis,Tylosin,65.0,6
228,1.84,Broiler,Coccidiosis,Amprolium,18.4,6
319,1.41,Leghorn,Fowl Cholera,Sulfaquinoxaline,42.3,10
17,0.3,Rhode Island Red,Fowl Cholera,Sulfaquinoxaline,9.0,8
15,0.6,Cornish Cross,Coccidiosis,Amprolium,6.0,5
17,0.25,Leghorn,Fowl Cholera,Sulfaquinoxaline,7.5,9
423,2.03,Rhode Island Red,Fowl Cholera,Sulfaquinoxaline,60.9,10
332,2.52,Sussex,E. coli Infection,Doxycycline,50.4,6
483,2.7,Sussex,E. coli Infection,Doxycycline,54.0,5
160,2.11,Plymouth Rock,Newcastle Disease,Oxytetracycline,21.1,6
297,1.59,Leghorn,E. coli Infection,Doxycycline,31.8,6
449,2.53,Sussex,Newcastle Disease,Oxytetracycline,25.3,7
251,1.22,Leghorn,Coccidiosis,Amprolium,12.2,5
210,2.73,Broiler,Infectious Bronchitis,Tylosin,68.25,5
429,2.69,Cornish Cross,Fowl Cholera,Sulfaquinoxaline,80.7,10
214,2.9,Sussex,Newcastle Disease,Oxytetracycline,29.0,6
503,1.58,Leghorn,Salmonellosis,Neomycin,15.8,6
491,2.55,Cornish Cross,E. coli Infection,Doxycycline,51.0,6
568,2.84,Australorp,E. coli Infection,Doxycycline,56.8,6
124,2.69,Broiler,Newcastle Disease,Oxytetracycline,26.9,7
329,2.93,Plymouth Rock,E. coli Infection,Doxycycline,58.6,5
597,2.74,Cornish Cross,Salmonellosis,Neomycin,27.4,7
357,2.62,Australorp,E. coli Infection,Doxycycline,52.4,5
593,2.62,Sussex,E. coli Infection,Doxycycline,52.4,7
93,2.33,Australorp,E. coli Infection,Doxycycline,46.6,6
26,0.59,Australorp,Coccidiosis,Amprolium,5.9,5
139,2.15,Rhode Island Red,Newcastle Disease,Oxytetracycline,21.5,6
36,1.71,Cornish Cross,Salmonellosis,Neomycin,17.1,6
72,1.02,Leghorn,Infectious Bronchitis,Tylosin,25.5,5
109,3.08,Australorp,E. coli Infection,Doxycycline,61.6,7
177,3.03,Australorp,Coccidiosis,Amprolium,30.3,5
491,1.59,Leghorn,Infectious Bronchitis,Tylosin,39.75,5
199,2.28,Rhode Island Red,Newcastle Disease,Oxytetracycline,22.8,7
139,2.15,Plymouth Rock,Newcastle Disease,Oxytetracycline,21.5,7
499,2.83,Plymouth Rock,Newcastle Disease,Oxytetracycline,28.3,7
428,2.46,Plymouth Rock,Newcastle Disease,Oxytetracycline,24.6,7
309,2.41,Rhode Island Red,Infectious Bronchitis,Tylosin,60.25,6
23,0.91,Broiler,Fowl Cholera,Sulfaquinoxaline,27.3,7
372,2.66,Sussex,Newcastle Disease,Oxytetracycline,26.6,6
230,2.6,Cornish Cross,Coccidiosis,Amprolium,26.0,5
31,0.75,Rhode Island Red,Coccidiosis,Amprolium,7.5,6
433,1.39,Leghorn,Infectious Bronchitis,Tylosin,34.75,6
122,2.21,Rhode Island Red,E. coli Infection,Doxycycline,44.2,5
140,1.67,Leghorn,E. coli Infection,Doxycycline,33.4,7
594,2.03,Broiler,Infectious Bronchitis,Tylosin,50.75,5
398,1.61,Leghorn,Infectious Bronchitis,Tylosin,40.25,6
142,1.45,Leghorn,E. coli Infection,Doxycycline,29.0,6
540,1.25,Leghorn,Coccidiosis,Amprolium,12.5,6
148,2.9,Cornish Cross,Fowl Cholera,Sulfaquinoxaline,87.0,7
396,2.54,Australorp,Infectious Bronchitis,Tylosin,63.5,5
118,2.81,Plymouth Rock,Coccidiosis,Amprolium,28.1,6
597,1.59,Leghorn,Fowl Cholera,Sulfaquinoxaline,47.7,9
557,2.53,Cornish Cross,Newcastle Disease,Oxytetracycline,25.3,6
34,1.33,Cornish Cross,E. coli Infection,Doxycycline,26.6,6
391,2.33,Broiler,Fowl Cholera,Sulfaquinoxaline,69.9,9
334,2.34,Broiler,Newcastle Disease,Oxytetracycline,23.4,7
487,2.98,Cornish Cross,Infectious Bronchitis,Tylosin,74.5,6
514,2.45,Plymouth Rock,Newcastle Disease,Oxytetracycline,24.5,6
457,2.83,Australorp,E. coli Infection,Doxycycline,56.6,7
57,0.78,Leghorn,Infectious Bronchitis,Tylosin,19.5,6
373,2.71,Plymouth Rock,Fowl Cholera,Sulfaquinoxaline,81.3,9
551,2.65,Australorp,Newcastle Disease,Oxytetracycline,26.5,7
451,2.51,Cornish Cross,Salmonellosis,Neomycin,25.1,5
67,1.52,Sussex,Coccidiosis,Amprolium,15.2,6
512,1.67,Broiler,Salmonellosis,Neomycin,16.7,7
291,3.19,Australorp,E. coli Infection,Doxycycline,63.8,6
225,2.07,Broiler,Infectious Bronchitis,Tylosin,51.75,6
586,2.74,Plymouth Rock,Coccidiosis,Amprolium,27.4,6
173,2.76,Sussex,Infectious Bronchitis,Tylosin,69.0,5
108,1.95,Rhode Island Red,Coccidiosis,Amprolium,19.5,5
234,2.77,Australorp,Infectious Bronchitis,Tylosin,69.25,6
291,2.35,Broiler,Infectious Bronchitis,Tylosin,58.75,5
555,2.98,Cornish Cross,Coccidiosis,Amprolium,29.8,6
358,2.97,Australorp,E. coli Infection,Doxycycline,59.4,6
312,2.64,Cornish Cross,Infectious Bronchitis,Tylosin,66.0,6
72,3.42,Broiler,Newcastle Disease,Oxytetracycline,34.2,7
207,1.52,Leghorn,Coccidiosis,Amprolium,15.2,6
434,1.3,Leghorn,E. coli Infection,Doxycycline,26.0,5
444,2.74,Plymouth Rock,Coccidiosis,Amprolium,27.4,6
364,1.52,Leghorn,Coccidiosis,Amprolium,15.2,5
103,3.44,Cornish Cross,E. coli Infection,Doxycycline,68.8,7
178,2.87,Cornish Cross,Coccidiosis,Amprolium,28.7,6
397,2.82,Broiler,E. coli Infection,Doxycycline,56.4,5
395,2.85,Sussex,E. coli Infection,Doxycycline,57.0,6
320,1.97,Broiler,Fowl Cholera,Sulfaquinoxaline,59.1,8
395,1.2,Leghorn,Coccidiosis,Amprolium,12.0,5
115,3.12,Australorp,Newcastle Disease,Oxytetracycline,31.2,6
85,1.55,Broiler,E. coli Infection,Doxycycline,31.0,7
494,2.31,Rhode Island Red,E. coli Infection,Doxycycline,46.2,5
253,2.31,Plymouth Rock,Coccidiosis,Amprolium,23.1,6
23,0.5,Rhode Island Red,Coccidiosis,Amprolium,5.0,5
179,2.6,Cornish Cross,Newcastle Disease,Oxytetracycline,26.0,7
258,2.85,Rhode Island Red,Newcastle Disease,Oxytetracycline,28.5,6
510,3.08,Broiler,Coccidiosis,Amprolium,30.8,5
36,0.9,Australorp,Fowl Cholera,Sulfaquinoxaline,27.0,10
352,2.67,Cornish Cross,Fowl Cholera,Sulfaquinoxaline,80.1,8
348,2.7,Plymouth Rock,Fowl Cholera,Sulfaquinoxaline,81.0,10
332,2.61,Sussex,Newcastle Disease,Oxytetracycline,26.1,7
115,2.65,Plymouth Rock,Salmonellosis,Neomycin,26.5,7
202,3.4,Australorp,Salmonellosis,Neomycin,34.0,5
495,2.94,Cornish Cross,Infectious Bronchitis,Tylosin,73.5,5
595,2.54,Cornish Cross,Salmonellosis,Neomycin,25.4,6
304,1.5,Leghorn,Newcastle Disease,Oxytetracycline,15.0,6
192,3.17,Broiler,Salmonellosis,Neomycin,31.7,7
488,2.09,Broiler,Fowl Cholera,Sulfaquinoxaline,62.7,7
467,2.59,Rhode Island Red,E. coli Infection,Doxycycline,51.8,5
47,1.06,Rhode Island Red,Coccidiosis,Amprolium,10.6,5
56,1.18,Sussex,Infectious Bronchitis,Tylosin,29.5,5
562,2.68,Australorp,Fowl Cholera,Sulfaquinoxaline,80.4,8
66,1.62,Sussex,Fowl Cholera,Sulfaquinoxaline,48.6,7
458,2.79,Rhode Island Red,Newcastle Disease,Oxytetracycline,27.9,6
520,2.79,Australorp,Salmonellosis,Neomycin,27.9,5
126,2.75,Australorp,Coccidiosis,Amprolium,27.5,6
438,2.32,Broiler,Fowl Cholera,Sulfaquinoxaline,69.6,8
574,1.69,Leghorn,Infectious Bronchitis,Tylosin,42.25,6
254,1.43,Leghorn,Newcastle Disease,Oxytetracycline,14.3,6
381,3.31,Cornish Cross,Salmonellosis,Neomycin,33.1,7
96,3.49,Cornish Cross,Newcastle Disease,Oxytetracycline,34.9,7
9,0.23,Australorp,Coccidiosis,Amprolium,2.3,5
313,2.06,Plymouth Rock,Salmonellosis,Neomycin,20.6,7
505,2.19,Plymouth Rock,Coccidiosis,Amprolium,21.9,6
463,2.73,Sussex,Salmonellosis,Neomycin,27.3,7
223,2.99,Plymouth Rock,Newcastle Disease,Oxytetracycline,29.9,7
18,0.71,Cornish Cross,Newcastle Disease,Oxytetracycline,7.1,7
172,1.62,Broiler,Infectious Bronchitis,Tylosin,40.5,5
392,2.07,Plymouth Rock,E. coli Infection,Doxycycline,41.4,5
53,0.65,Leghorn,Newcastle Disease,Oxytetracycline,6.5,6
552,2.78,Sussex,Newcastle Disease,Oxytetracycline,27.8,6
477,2.05,Plymouth Rock,E. coli Infection,Doxycycline,41.0,5
254,3.13,Cornish Cross,Coccidiosis,Amprolium,31.3,6
440,2.39,Plymouth Rock,Coccidiosis,Amprolium,23.9,5
218,1.57,Leghorn,Infectious Bronchitis,Tylosin,39.25,6
170,2.39,Plymouth Rock,Newcastle Disease,Oxytetracycline,23.9,6
55,2.21,Broiler,Salmonellosis,Neomycin,22.1,5
449,2.92,Broiler,Coccidiosis,Amprolium,29.2,5
592,2.63,Broiler,Newcastle Disease,Oxytetracycline,26.3,6
362,2.73,Australorp,Infectious Bronchitis,Tylosin,68.25,5
373,1.28,Leghorn,Coccidiosis,Amprolium,12.8,5
154,3.16,Australorp,Salmonellosis,Neomycin,31.6,5
326,3.13,Australorp,Coccidiosis,Amprolium,31.3,5
391,2.94,Cornish Cross,E. coli Infection,Doxycycline,58.8,7
538,3.38,Cornish Cross,E. coli Infection,Doxycycline,67.6,5
171,2.98,Cornish Cross,Fowl Cholera,Sulfaquinoxaline,89.4,9
72,1.49,Plymouth Rock,Infectious Bronchitis,Tylosin,37.25,6
211,2.79,Sussex,Infectious Bronchitis,Tylosin,69.75,5
484,2.93,Sussex,Infectious Bronchitis,Tylosin,73.25,6
179,2.39,Plymouth Rock,Infectious Bronchitis,Tylosin,59.75,5
210,2.77,Cornish Cross,Salmonellosis,Neomycin,27.7,7
411,2.96,Australorp,Salmonellosis,Neomycin,29.6,6
564,3.32,Broiler,E. coli Infection,Doxycycline,66.4,7
374,3.11,Australorp,E. coli Infection,Doxycycline,62.2,6
343,2.63,Sussex,Coccidiosis,Amprolium,26.3,6
256,2.83,Australorp,Coccidiosis,Amprolium,28.3,5
75,3.38,Cornish Cross,Coccidiosis,Amprolium,33.8,6
246,2.34,Rhode Island Red,E. coli Infection,Doxycycline,46.8,6
600,1.54,Leghorn,Fowl Cholera,Sulfaquinoxaline,46.2,8
335,2.24,Broiler,Coccidiosis,Amprolium,22.4,6
430,3.35,Australorp,E. coli Infection,Doxycycline,67.0,6
328,2.66,Sussex,Coccidiosis,Amprolium,26.6,5
392,2.91,Sussex,Newcastle Disease,Oxytetracycline,29.1,7
253,2.96,Australorp,E. coli Infection,Doxycycline,59.2,7
540,2.88,Sussex,Fowl Cholera,Sulfaquinoxaline,86.4,8
405,2.37,Broiler,Coccidiosis,Amprolium,23.7,5
189,2.35,Plymouth Rock,Newcastle Disease,Oxytetracycline,23.5,6
404,2.52,Plymouth Rock,Coccidiosis,Amprolium,25.2,5
55,1.22,Rhode Island Red,Coccidiosis,Amprolium,12.2,6
552,3.2,Australorp,Infectious Bronchitis,Tylosin,80.0,5
227,2.16,Rhode Island Red,Fowl Cholera,Sulfaquinoxaline,64.8,8
524,2.28,Plymouth Rock,Newcastle Disease,Oxytetracycline,22.8,6
527,2.48,Rhode Island Red,Newcastle Disease,Oxytetracycline,24.8,7
216,2.8,Australorp,Infectious Bronchitis,Tylosin,70.0,5
367,2.84,Sussex,Salmonellosis,Neomycin,28.4,5
108,1.17,Leghorn,E. coli Infection,Doxycycline,23.4,6
183,2.73,Cornish Cross,Salmonellosis,Neomycin,27.3,5
453,2.23,Plymouth Rock,Infectious Bronchitis,Tylosin,55.75,6
534,2.51,Sussex,Coccidiosis,Amprolium,25.1,5
338,3.07,Broiler,Infectious Bronchitis,Tylosin,76.75,5
185,3.43,Australorp,Infectious Bronchitis,Tylosin,85.75,5
259,2.9,Sussex,Coccidiosis,Amprolium,29.0,5
239,2.52,Sussex,E. coli Infection,Doxycycline,50.4,7
34,0.37,Leghorn,Coccidiosis,Amprolium,3.7,5
97,3.02,Cornish Cross,Coccidiosis,Amprolium,30.2,6
168,2.04,Plymouth Rock,Infectious Bronchitis,Tylosin,51.0,5
576,2.61,Australorp,Infectious Bronchitis,Tylosin,65.25,6
417,3.14,Cornish Cross,E. coli Infection,Doxycycline,62.8,5
522,2.81,Rhode Island Red,Newcastle Disease,Oxytetracycline,28.1,7
358,2.07,Plymouth Rock,Coccidiosis,Amprolium,20.7,5
453,2.86,Plymouth Rock,Infectious Bronchitis,Tylosin,71.5,5
359,2.17,Broiler,Salmonellosis,Neomycin,21.7,6
231,2.54,Plymouth Rock,Coccidiosis,Amprolium,25.4,6
523,2.73,Plymouth Rock,Fowl Cholera,Sulfaquinoxaline,81.9,9
31,0.66,Australorp,Fowl Cholera,Sulfaquinoxaline,19.8,8
101,1.2,Leghorn,Newcastle Disease,Oxytetracycline,12.0,7
230,2.54,Sussex,Fowl Cholera,Sulfaquinoxaline,76.2,7
340,2.97,Rhode Island Red,E. coli Infection,Doxycycline,59.4,6
319,2.86,Sussex,E. coli Infection,Doxycycline,57.2,5
550,3.05,Broiler,Newcastle Disease,Oxytetracycline,30.5,7
22,0.24,Leghorn,Coccidiosis,Amprolium,2.4,5
76,1.78,Sussex,Infectious Bronchitis,Tylosin,44.5,5
260,1.7,Leghorn,Fowl Cholera,Sulfaquinoxaline,51.0,8
484,1.5,Leghorn,Coccidiosis,Amprolium,15.0,5
342,1.65,Leghorn,Salmonellosis,Neomycin,16.5,6
181,3.37,Australorp,Salmonellosis,Neomycin,33.7,6
551,2.17,Plymouth Rock,Infectious Bronchitis,Tylosin,54.25,5
102,3.43,Broiler,Fowl Cholera,Sulfaquinoxaline,102.9,8
416,2.83,Rhode Island Red,E. coli Infection,Doxycycline,56.6,7
488,2.7,Plymouth Rock,Infectious Bronchitis,Tylosin,67.5,5
226,2.68,Sussex,Infectious Bronchitis,Tylosin,67.0,5
67,3.07,Cornish Cross,E. coli Infection,Doxycycline,61.4,6
245,2.06,Plymouth Rock,Newcastle Disease,Oxytetracycline,20.6,7
450,1.27,Leghorn,Coccidiosis,Amprolium,12.7,6
240,3.06,Cornish Cross,E. coli Infection,Doxycycline,61.2,6
226,1.53,Broiler,Coccidiosis,Amprolium,15.3,6
100,2.46,Australorp,Coccidiosis,Amprolium,24.6,6
226,2.77,Sussex,Newcastle Disease,Oxytetracycline,27.7,6
255,2.71,Plymouth Rock,Infectious Bronchitis,Tylosin,67.75,5
451,1.74,Broiler,Coccidiosis,Amprolium,17.4,5
581,1.28,Leghorn,E. coli Infection,Doxycycline,25.6,5
594,3.18,Cornish Cross,E. coli Infection,Doxycycline,63.6,6
87,1.29,Leghorn,Coccidiosis,Amprolium,12.9,6
378,2.43,Rhode Island Red,Newcastle Disease,Oxytetracycline,24.3,6
388,3.48,Australorp,Coccidiosis,Amprolium,34.8,5
133,1.87,Broiler,E. coli Infection,Doxycycline,37.4,6
443,2.94,Sussex,Coccidiosis,Amprolium,29.4,6
488,3.34,Broiler,Coccidiosis,Amprolium,33.4,6
449,2.53,Rhode Island Red,Coccidiosis,Amprolium,25.3,5
596,2.89,Sussex,Coccidiosis,Amprolium,28.9,5
250,2.78,Rhode Island Red,E. coli Infection,Doxycycline,55.6,6
597,2.72,Sussex,Newcastle Disease,Oxytetracycline,27.2,7
171,2.64,Sussex,Coccidiosis,Amprolium,26.4,5
184,2.81,Rhode Island Red,E. coli Infection,Doxycycline,56.2,5
550,2.24,Plymouth Rock,Salmonellosis,Neomycin,22.4,5
62,1.5,Rhode Island Red,E. coli Infection,Doxycycline,30.0,5
59,1.7,Australorp,Infectious Bronchitis,Tylosin,42.5,5
70,2.53,Broiler,Coccidiosis,Amprolium,25.3,6
187,1.47,Leghorn,Newcastle Disease,Oxytetracycline,14.7,7
381,2.52,Rhode Island Red,E. coli Infection,Doxycycline,50.4,7
385,2.42,Plymouth Rock,Newcastle Disease,Oxytetracycline,24.2,7
216,2.93,Rhode Island Red,Coccidiosis,Amprolium,29.3,5
60,2.85,Cornish Cross,Infectious Bronchitis,Tylosin,71.25,5
93,1.96,Sussex,Newcastle Disease,Oxytetracycline,19.6,7
449,2.87,Sussex,Newcastle Disease,Oxytetracycline,28.7,7
354,3.5,Australorp,Infectious Bronchitis,Tylosin,87.5,6
528,1.64,Leghorn,Coccidiosis,Amprolium,16.4,6
142,2.48,Plymouth Rock,Coccidiosis,Amprolium,24.8,6
16,0.39,Plymouth Rock,Newcastle Disease,Oxytetracycline,3.9,6
158,1.46,Leghorn,E. coli Infection,Doxycycline,29.2,7
315,3.39,Australorp,Coccidiosis,Amprolium,33.9,6
183,1.24,Leghorn,Newcastle Disease,Oxytetracycline,12.4,6
377,1.5,Leghorn,E. coli Infection,Doxycycline,30.0,5
422,2.62,Sussex,Fowl Cholera,Sulfaquinoxaline,78.6,7
334,2.52,Australorp,Newcastle Disease,Oxytetracycline,25.2,7
297,2.82,Broiler,Newcastle Disease,Oxytetracycline,28.2,7
204,2.11,Broiler,Salmonellosis,Neomycin,21.1,7
435,2.64,Cornish Cross,Salmonellosis,Neomycin,26.4,6
562,2.66,Australorp,Infectious Bronchitis,Tylosin,66.5,5
65,1.3,Rhode Island Red,Infectious Bronchitis,Tylosin,32.5,6
360,2.05,Broiler,Infectious Bronchitis,Tylosin,51.25,5
388,3.49,Cornish Cross,Salmonellosis,Neomycin,34.9,5
101,2.78,Cornish Cross,E. coli Infection,Doxycycline,55.6,6
165,2.96,Cornish Cross,Newcastle Disease,Oxytetracycline,29.6,6
567,1.57,Leghorn,Coccidiosis,Amprolium,15.7,5
180,2.92,Plymouth Rock,Newcastle Disease,Oxytetracycline,29.2,6
60,1.41,Rhode Island Red,Newcastle Disease,Oxytetracycline,14.1,6
187,2.1,Broiler,Newcastle Disease,Oxytetracycline,21.0,6
217,1.4,Leghorn,Fowl Cholera,Sulfaquinoxaline,42.0,8
132,2.92,Sussex,Fowl Cholera,Sulfaquinoxaline,87.6,9
489,3.41,Broiler,Coccidiosis,Amprolium,34.1,6
444,2.78,Sussex,E. coli Infection,Doxycycline,55.6,6
156,2.53,Sussex,Coccidiosis,Amprolium,25.3,6
587,3.29,Cornish Cross,Infectious Bronchitis,Tylosin,82.25,5
345,2.2,Broiler,Coccidiosis,Amprolium,22.0,5
555,2.03,Plymouth Rock,Coccidiosis,Amprolium,20.3,5
127,1.21,Leghorn,Coccidiosis,Amprolium,12.1,5
270,2.27,Rhode Island Red,E. coli Infection,Doxycycline,45.4,5
121,2.4,Broiler,Salmonellosis,Neomycin,24.0,5
50,1.26,Australorp,E. coli Infection,Doxycycline,25.2,5
237,2.25,Broiler,E. coli Infection,Doxycycline,45.0,5
458,2.78,Broiler,Coccidiosis,Amprolium,27.8,6
515,3.49,Broiler,Coccidiosis,Amprolium,34.9,5
367,2.92,Plymouth Rock,E. coli Infection,Doxycycline,58.4,6
140,2.52,Rhode Island Red,E. coli Infection,Doxycycline,50.4,6
448,1.77,Leghorn,Salmonellosis,Neomycin,17.7,7
207,2.22,Rhode Island Red,Infectious Bronchitis,Tylosin,55.5,6
361,2.69,Australorp,E. coli Infection,Doxycycline,53.8,6
278,2.53,Australorp,E. coli Infection,Doxycycline,50.6,6
392,2.84,Plymouth Rock,Coccidiosis,Amprolium,28.4,5
175,2.03,Plymouth Rock,Infectious Bronchitis,Tylosin,50.75,5
395,1.21,Leghorn,E. coli Infection,Doxycycline,24.2,5
59,2.03,Broiler,Infectious Bronchitis,Tylosin,50.75,5
178,1.45,Leghorn,Fowl Cholera,Sulfaquinoxaline,43.5,8
248,2.06,Rhode Island Red,Newcastle Disease,Oxytetracycline,20.6,7
515,2.74,Broiler,Coccidiosis,Amprolium,27.4,6
299,2.14,Rhode Island Red,E. coli Infection,Doxycycline,42.8,7
141,2.51,Cornish Cross,Salmonellosis,Neomycin,25.1,7
292,2.63,Rhode Island Red,E. coli Infection,Doxycycline,52.6,7
366,2.6,Broiler,Infectious Bronchitis,Tylosin,65.0,6
277,2.95,Rhode Island Red,Infectious Bronchitis,Tylosin,73.75,5
146,2.4,Rhode Island Red,Coccidiosis,Amprolium,24.0,6
105,1.37,Leghorn,Newcastle Disease,Oxytetracycline,13.7,7
306,3.24,Broiler,Salmonellosis,Neomycin,32.4,5
532,2.82,Sussex,Newcastle Disease,Oxytetracycline,28.2,6
375,2.97,Plymouth Rock,Infectious Bronchitis,Tylosin,74.25,6
432,3.15,Australorp,Infectious Bronchitis,Tylosin,78.75,6
372,1.55,Broiler,Salmonellosis,Neomycin,15.5,5
494,2.73,Sussex,Fowl Cholera,Sulfaquinoxaline,81.9,8
551,2.41,Plymouth Rock,Fowl Cholera,Sulfaquinoxaline,72.3,7
462,1.21,Leghorn,Newcastle Disease,Oxytetracycline,12.1,7
143,2.86,Cornish Cross,Coccidiosis,Amprolium,28.6,5
35,0.37,Leghorn,Newcastle Disease,Oxytetracycline,3.7,7
387,2.8,Sussex,E. coli Infection,Doxycycline,56.0,5
123,2.57,Sussex,Coccidiosis,Amprolium,25.7,5
269,2.97,Sussex,E. coli Infection,Doxycycline,59.4,7
83,0.91,Leghorn,Newcastle Disease,Oxytetracycline,9.1,6
316,1.61,Leghorn,Coccidiosis,Amprolium,16.1,5
593,1.38,Leghorn,Coccidiosis,Amprolium,13.8,6
332,2.05,Plymouth Rock,E. coli Infection,Doxycycline,41.0,6
81,1.87,Rhode Island Red,Coccidiosis,Amprolium,18.7,6
44,1.01,Plymouth Rock,Coccidiosis,Amprolium,10.1,6
75,0.89,Leghorn,Newcastle Disease,Oxytetracycline,8.9,6
98,1.83,Plymouth Rock,Coccidiosis,Amprolium,18.3,5
60,1.72,Australorp,Newcastle Disease,Oxytetracycline,17.2,7
385,2.15,Rhode Island Red,Fowl Cholera,Sulfaquinoxaline,64.5,8
434,3.27,Cornish Cross,E. coli Infection,Doxycycline,65.4,5
486,2.71,Cornish Cross,Infectious Bronchitis,Tylosin,67.75,6
40,1.98,Cornish Cross,Newcastle Disease,Oxytetracycline,19.8,7
221,2.8,Sussex,Salmonellosis,Neomycin,28.0,5
211,2.7,Rhode Island Red,Infectious Bronchitis,Tylosin,67.5,6
510,2.95,Sussex,Coccidiosis,Amprolium,29.5,5
596,1.87,Broiler,E. coli Infection,Doxycycline,37.4,7
233,2.96,Rhode Island Red,Newcastle Disease,Oxytetracycline,29.6,7
220,2.79,Rhode Island Red,E. coli Infection,Doxycycline,55.8,6
196,2.04,Plymouth Rock,E. coli Infection,Doxycycline,40.8,5
153,2.26,Rhode Island Red,Coccidiosis,Amprolium,22.6,6
334,1.77,Leghorn,Coccidiosis,Amprolium,17.7,5
253,2.45,Broiler,E. coli Infection,Doxycycline,49.0,6
301,2.53,Broiler,E. coli Infection,Doxycycline,50.6,7
541,1.57,Broiler,Coccidiosis,Amprolium,15.7,6
420,1.93,Broiler,Coccidiosis,Amprolium,19.3,5
597,2.69,Australorp,Newcastle Disease,Oxytetracycline,26.9,6
304,3.17,Australorp,Coccidiosis,Amprolium,31.7,6
365,2.64,Australorp,Salmonellosis,Neomycin,26.4,7
289,2.43,Plymouth Rock,E. coli Infection,Doxycycline,48.6,7
82,1.52,Rhode Island Red,Coccidiosis,Amprolium,15.2,5
61,2.31,Cornish Cross,Coccidiosis,Amprolium,23.1,6
483,2.01,Plymouth Rock,Coccidiosis,Amprolium,20.1,5
18,0.76,Cornish Cross,Coccidiosis,Amprolium,7.6,6
515,2.08,Rhode Island Red,E. coli Infection,Doxycycline,41.6,6
330,2.02,Broiler,E. coli Infection,Doxycycline,40.4,7
334,2.93,Australorp,Newcastle Disease,Oxytetracycline,29.3,7
331,3.4,Australorp,Coccidiosis,Amprolium,34.0,6
553,3.29,Australorp,Coccidiosis,Amprolium,32.9,5
316,2.89,Australorp,E. coli Infection,Doxycycline,57.8,5
252,2.54,Plymouth Rock,E. coli Infection,Doxycycline,50.8,5
184,2.97,Plymouth Rock,Coccidiosis,Amprolium,29.7,6
232,2.29,Plymouth Rock,Coccidiosis,Amprolium,22.9,6
88,2.15,Plymouth Rock,Newcastle Disease,Oxytetracycline,21.5,6
588,3.45,Broiler,Fowl Cholera,Sulfaquinoxaline,103.5,10
260,2.73,Sussex,Coccidiosis,Amprolium,27.3,5
295,2.78,Sussex,Coccidiosis,Amprolium,27.8,5
480,1.86,Broiler,E. coli Infection,Doxycycline,37.2,6
404,2.71,Sussex,Newcastle Disease,Oxytetracycline,27.1,7
593,1.82,Broiler,Fowl Cholera,Sulfaquinoxaline,54.6,7
465,2.05,Rhode Island Red,Infectious Bronchitis,Tylosin,51.25,6
505,1.35,Leghorn,Coccidiosis,Amprolium,13.5,5
396,2.08,Plymouth Rock,Fowl Cholera,Sulfaquinoxaline,62.4,7
11,0.27,Australorp,Coccidiosis,Amprolium,2.7,5
589,1.72,Leghorn,Coccidiosis,Amprolium,17.2,5
413,2.51,Rhode Island Red,Fowl Cholera,Sulfaquinoxaline,75.3,9
446,3.07,Cornish Cross,Fowl Cholera,Sulfaquinoxaline,92.1,9
132,2.64,Sussex,E. coli Infection,Doxycycline,52.8,5
199,2.93,Cornish Cross,Coccidiosis,Amprolium,29.3,6
188,3.25,Cornish Cross,Salmonellosis,Neomycin,32.5,5
541,2.94,Rhode Island Red,Coccidiosis,Amprolium,29.4,6
441,3.2,Australorp,Newcastle Disease,Oxytetracycline,32.0,7
362,3.14,Cornish Cross,Newcastle Disease,Oxytetracycline,31.4,6
129,3.17,Broiler,Coccidiosis,Amprolium,31.7,5
104,1.94,Rhode Island Red,E. coli Infection,Doxycycline,38.8,6
473,2.55,Sussex,Infectious Bronchitis,Tylosin,63.75,5
255,1.23,Leghorn,Coccidiosis,Amprolium,12.3,6
370,2.32,Rhode Island Red,Newcastle Disease,Oxytetracycline,23.2,6
587,2.97,Plymouth Rock,Newcastle Disease,Oxytetracycline,29.7,6
40,1.65,Broiler,Infectious Bronchitis,Tylosin,41.25,6
11,0.26,Rhode Island Red,Newcastle Disease,Oxytetracycline,2.6,7
65,1.63,Broiler,Infectious Bronchitis,Tylosin,40.75,6
57,1.33,Rhode Island Red,Infectious Bronchitis,Tylosin,33.25,5
351,3.24,Cornish Cross,Coccidiosis,Amprolium,32.4,6
281,1.57,Leghorn,Salmonellosis,Neomycin,15.7,6
190,2.95,Plymouth Rock,Fowl Cholera,Sulfaquinoxaline,88.5,9
19,0.46,Sussex,Salmonellosis,Neomycin,4.6,7
401,3.01,Broiler,Coccidiosis,Amprolium,30.1,5
332,2.64,Australorp,Newcastle Disease,Oxytetracycline,26.4,7
264,3.35,Australorp,E. coli Infection,Doxycycline,67.0,7
408,2.73,Sussex,Newcastle Disease,Oxytetracycline,27.3,6
330,1.91,Broiler,Fowl Cholera,Sulfaquinoxaline,57.3,8
531,2.54,Australorp,Coccidiosis,Amprolium,25.4,6
26,0.32,Leghorn,Infectious Bronchitis,Tylosin,8.0,5
209,2.24,Plymouth Rock,Newcastle Disease,Oxytetracycline,22.4,6
27,0.49,Plymouth Rock,Newcastle Disease,Oxytetracycline,4.9,6
269,2.94,Sussex,Coccidiosis,Amprolium,29.4,5
74,1.01,Leghorn,Salmonellosis,Neomycin,10.1,7
200,3.16,Cornish Cross,Fowl Cholera,Sulfaquinoxaline,94.8,8
506,2.58,Broiler,Infectious Bronchitis,Tylosin,64.5,6
544,1.23,Leghorn,Newcastle Disease,Oxytetracycline,12.3,6
248,1.69,Broiler,Newcastle Disease,Oxytetracycline,16.9,6
63,2.74,Cornish Cross,Fowl Cholera,Sulfaquinoxaline,82.2,8
426,2.81,Australorp,Fowl Cholera,Sulfaquinoxaline,84.3,9
181,2.58,Plymouth Rock,Coccidiosis,Amprolium,25.8,5
190,2.93,Cornish Cross,Salmonellosis,Neomycin,29.3,7
143,3.21,Australorp,Newcastle Disease,Oxytetracycline,32.1,7
338,2.43,Plymouth Rock,Fowl Cholera,Sulfaquinoxaline,72.9,10
151,3.17,Cornish Cross,Salmonellosis,Neomycin,31.7,6
254,1.4,Leghorn,Newcastle Disease,Oxytetracycline,14.0,6
205,1.2,Leghorn,Newcastle Disease,Oxytetracycline,12.0,7
574,2.72,Plymouth Rock,Newcastle Disease,Oxytetracycline,27.2,7
200,2.5,Sussex,Newcastle Disease,Oxytetracycline,25.0,6
327,2.77,Sussex,E. coli Infection,Doxycycline,55.4,5
261,2.43,Plymouth Rock,E. coli Infection,Doxycycline,48.6,5
163,2.89,Australorp,Newcastle Disease,Oxytetracycline,28.9,6
222,3.37,Australorp,E. coli Infection,Doxycycline,67.4,5
356,2.92,Australorp,Fowl Cholera,Sulfaquinoxaline,87.6,10
139,2.69,Plymouth Rock,Salmonellosis,Neomycin,26.9,7
199,1.49,Leghorn,Coccidiosis,Amprolium,14.9,6
137,1.27,Leghorn,Salmonellosis,Neomycin,12.7,5
189,2.99,Broiler,Infectious Bronchitis,Tylosin,74.75,6
109,2.75,Australorp,Newcastle Disease,Oxytetracycline,27.5,7
408,2.19,Broiler,E. coli Infection,Doxycycline,43.8,7
8,0.15,Rhode Island Red,E. coli Infection,Doxycycline,3.0,7
377,2.78,Sussex,E. coli Infection,Doxycycline,55.6,7
140,2.6,Rhode Island Red,Newcastle Disease,Oxytetracycline,26.0,7
61,0.9,Leghorn,Newcastle Disease,Oxytetracycline,9.0,6
189,2.94,Sussex,E. coli Infection,Doxycycline,58.8,5
460,2.33,Broiler,Coccidiosis,Amprolium,23.3,6
362,2.58,Sussex,Newcastle Disease,Oxytetracycline,25.8,7
36,0.39,Leghorn,Newcastle Disease,Oxytetracycline,3.9,7
33,0.71,Plymouth Rock,Newcastle Disease,Oxytetracycline,7.1,6
126,2.95,Sussex,E. coli Infection,Doxycycline,59.0,6
346,1.66,Leghorn,Coccidiosis,Amprolium,16.6,5
324,2.97,Plymouth Rock,Coccidiosis,Amprolium,29.7,5
43,0.94,Sussex,Newcastle Disease,Oxytetracycline,9.4,7
411,2.75,Sussex,E. coli Infection,Doxycycline,55.0,5
97,2.04,Sussex,Newcastle Disease,Oxytetracycline,20.4,7
460,3.12,Broiler,Coccidiosis,Amprolium,31.2,6
102,3.35,Cornish Cross,Fowl Cholera,Sulfaquinoxaline,100.5,8
323,3.19,Australorp,Salmonellosis,Neomycin,31.9,5
521,2.8,Sussex,E. coli Infection,Doxycycline,56.0,7
240,1.79,Leghorn,Salmonellosis,Neomycin,17.9,7
33,1.18,Broiler,Coccidiosis,Amprolium,11.8,5
322,1.54,Leghorn,Infectious Bronchitis,Tylosin,38.5,5
427,1.52,Broiler,Infectious Bronchitis,Tylosin,38.0,6
13,0.41,Broiler,E. coli Infection,Doxycycline,8.2,5
34,0.82,Australorp,Coccidiosis,Amprolium,8.2,5
311,2.73,Rhode Island Red,Salmonellosis,Neomycin,27.3,5
568,2.96,Broiler,Infectious Bronchitis,Tylosin,74.0,6
358,1.66,Leghorn,Newcastle Disease,Oxytetracycline,16.6,7
79,2.14,Australorp,Coccidiosis,Amprolium,21.4,6
276,2.22,Rhode Island Red,Coccidiosis,Amprolium,22.2,5
147,3.06,Australorp,Salmonellosis,Neomycin,30.6,6
79,2.3,Australorp,Infectious Bronchitis,Tylosin,57.5,6
96,1.7,Plymouth Rock,Newcastle Disease,Oxytetracycline,17.0,6
435,2.07,Plymouth Rock,Fowl Cholera,Sulfaquinoxaline,62.1,9
244,2.9,Sussex,Infectious Bronchitis,Tylosin,72.5,6
19,0.46,Broiler,Newcastle Disease,Oxytetracycline,4.6,6
368,3.02,Broiler,Newcastle Disease,Oxytetracycline,30.2,6
55,2.65,Cornish Cross,E. coli Infection,Doxycycline,53.0,6
348,2.55,Rhode Island Red,Fowl Cholera,Sulfaquinoxaline,76.5,10
230,2.57,Broiler,Infectious Bronchitis,Tylosin,64.25,6
210,3.04,Australorp,Coccidiosis,Amprolium,30.4,5
441,2.52,Rhode Island Red,Newcastle Disease,Oxytetracycline,25.2,6
448,2.91,Australorp,Newcastle Disease,Oxytetracycline,29.1,7
8,0.19,Sussex,Infectious Bronchitis,Tylosin,4.75,6
349,3.38,Cornish Cross,Newcastle Disease,Oxytetracycline,33.8,6
125,1.44,Leghorn,E. coli Infection,Doxycycline,28.8,7
488,2.54,Australorp,Salmonellosis,Neomycin,25.4,5
551,2.57,Broiler,Newcastle Disease,Oxytetracycline,25.7,7
269,2.32,Plymouth Rock,Infectious Bronchitis,Tylosin,58.0,6
115,3.34,Australorp,Infectious Bronchitis,Tylosin,83.5,6
205,2.15,Plymouth Rock,Newcastle Disease,Oxytetracycline,21.5,7
94,2.23,Australorp,Newcastle Disease,Oxytetracycline,22.3,7
142,1.22,Leghorn,Infectious Bronchitis,Tylosin,30.5,5
254,1.44,Leghorn,E. coli Infection,Doxycycline,28.8,6
389,2.11,Rhode Island Red,Coccidiosis,Amprolium,21.1,6
428,2.65,Broiler,Coccidiosis,Amprolium,26.5,5
133,2.66,Australorp,Salmonellosis,Neomycin,26.6,6
288,2.07,Broiler,Newcastle Disease,Oxytetracycline,20.7,6
88,2.19,Rhode Island Red,Salmonellosis,Neomycin,21.9,5
454,2.09,Rhode Island Red,Coccidiosis,Amprolium,20.9,5
560,2.39,Broiler,Newcastle Disease,Oxytetracycline,23.9,6
475,2.7,Sussex,Coccidiosis,Amprolium,27.0,5
398,1.24,Leghorn,E. coli Infection,Doxycycline,24.8,5
181,2.82,Australorp,E. coli Infection,Doxycycline,56.4,7
471,2.9,Rhode Island Red,Fowl Cholera,Sulfaquinoxaline,87.0,9
184,2.53,Plymouth Rock,E. coli Infection,Doxycycline,50.6,5
469,2.59,Cornish Cross,Fowl Cholera,Sulfaquinoxaline,77.7,9
345,3.02,Australorp,Newcastle Disease,Oxytetracycline,30.2,7
155,2.79,Plymouth Rock,Infectious Bronchitis,Tylosin,69.75,6
503,2.62,Australorp,Fowl Cholera,Sulfaquinoxaline,78.6,7
502,2.92,Plymouth Rock,Coccidiosis,Amprolium,29.2,6
561,2.77,Sussex,E. coli Infection,Doxycycline,55.4,5
128,1.61,Leghorn,Infectious Bronchitis,Tylosin,40.25,5
290,2.72,Cornish Cross,Newcastle Disease,Oxytetracycline,27.2,7
594,2.99,Sussex,Newcastle Disease,Oxytetracycline,29.9,7
282,2.93,Australorp,E. coli Infection,Doxycycline,58.6,7
253,2.56,Sussex,Fowl Cholera,Sulfaquinoxaline,76.8,10
142,3.39,Australorp,Newcastle Disease,Oxytetracycline,33.9,6
592,2.98,Sussex,Newcastle Disease,Oxytetracycline,29.8,7
591,3.14,Broiler,E. coli Infection,Doxycycline,62.8,5
348,1.27,Leghorn,E. coli Infection,Doxycycline,25.4,7
187,3.1,Australorp,Infectious Bronchitis,Tylosin,77.5,5
65,1.11,Rhode Island Red,Salmonellosis,Neomycin,11.1,5
415,1.29,Leghorn,Coccidiosis,Amprolium,12.9,6
372,1.79,Broiler,Infectious Bronchitis,Tylosin,44.75,6
401,3.31,Australorp,Newcastle Disease,Oxytetracycline,33.1,7
175,3.14,Broiler,E. coli Infection,Doxycycline,62.8,6
235,2.49,Broiler,Coccidiosis,Amprolium,24.9,5
190,2.47,Plymouth Rock,Coccidiosis,Amprolium,24.7,6
578,2.64,Plymouth Rock,E. coli Infection,Doxycycline,52.8,6
441,2.87,Sussex,Infectious Bronchitis,Tylosin,71.75,6
27,0.5,Rhode Island Red,Infectious Bronchitis,Tylosin,12.5,6
448,2.76,Rhode Island Red,Fowl Cholera,Sulfaquinoxaline,82.8,7
497,1.29,Leghorn,E. coli Infection,Doxycycline,25.8,6
463,1.31,Leghorn,Coccidiosis,Amprolium,13.1,5
72,1.0,Leghorn,Salmonellosis,Neomycin,10.0,7
113,3.09,Australorp,Newcastle Disease,Oxytetracycline,30.9,6
211,2.83,Cornish Cross,Fowl Cholera,Sulfaquinoxaline,84.9,9
409,3.31,Australorp,Infectious Bronchitis,Tylosin,82.75,6
562,2.41,Rhode Island Red,Coccidiosis,Amprolium,24.1,6
93,2.6,Cornish Cross,Salmonellosis,Neomycin,26.0,6
220,2.97,Australorp,Salmonellosis,Neomycin,29.7,7
94,1.96,Rhode Island Red,E. coli Infection,Doxycycline,39.2,5
197,2.18,Plymouth Rock,Infectious Bronchitis,Tylosin,54.5,6
220,2.98,Sussex,Infectious Bronchitis,Tylosin,74.5,5
418,2.9,Sussex,E. coli Infection,Doxycycline,58.0,5
263,1.55,Leghorn,E. coli Infection,Doxycycline,31.0,7
379,3.26,Cornish Cross,Fowl Cholera,Sulfaquinoxaline,97.8,10
8,0.18,Plymouth Rock,Coccidiosis,Amprolium,1.8,6
309,2.53,Cornish Cross,E. coli Infection,Doxycycline,50.6,7
484,2.96,Sussex,Coccidiosis,Amprolium,29.6,5
400,3.0,Sussex,Newcastle Disease,Oxytetracycline,30.0,7
274,2.61,Sussex,E. coli Infection,Doxycycline,52.2,5
180,3.46,Cornish Cross,Coccidiosis,Amprolium,34.6,5
448,2.83,Plymouth Rock,E. coli Infection,Doxycycline,56.6,5
114,1.66,Leghorn,Coccidiosis,Amprolium,16.6,5
519,2.69,Broiler,Coccidiosis,Amprolium,26.9,6
156,1.33,Leghorn,Newcastle Disease,Oxytetracycline,13.3,6
86,2.2,Broiler,Infectious Bronchitis,Tylosin,55.0,6
449,2.43,Broiler,Newcastle Disease,Oxytetracycline,24.3,7
174,3.11,Cornish Cross,Newcastle Disease,Oxytetracycline,31.1,6
408,2.99,Rhode Island Red,Infectious Bronchitis,Tylosin,74.75,5
462,3.41,Australorp,Coccidiosis,Amprolium,34.1,6
138,2.85,Sussex,Coccidiosis,Amprolium,28.5,6
419,2.6,Plymouth Rock,Salmonellosis,Neomycin,26.0,5
246,1.43,Leghorn,Newcastle Disease,Oxytetracycline,14.3,7
393,2.62,Australorp,Coccidiosis,Amprolium,26.2,6
509,1.31,Leghorn,Fowl Cholera,Sulfaquinoxaline,39.3,8
8,0.15,Plymouth Rock,Infectious Bronchitis,Tylosin,3.75,5
526,1.42,Leghorn,Infectious Bronchitis,Tylosin,35.5,6
139,1.28,Leghorn,E. coli Infection,Doxycycline,25.6,7
118,2.98,Cornish Cross,Salmonellosis,Neomycin,29.8,7
446,1.23,Leghorn,E. coli Infection,Doxycycline,24.6,5
166,2.11,Rhode Island Red,Infectious Bronchitis,Tylosin,52.75,6
80,1.1,Leghorn,Infectious Bronchitis,Tylosin,27.5,5
32,0.48,Leghorn,E. coli Infection,Doxycycline,9.6,6
493,2.81,Cornish Cross,Fowl Cholera,Sulfaquinoxaline,84.3,8
355,2.57,Cornish Cross,Coccidiosis,Amprolium,25.7,5
116,2.42,Plymouth Rock,Coccidiosis,Amprolium,24.2,5
168,2.93,Rhode Island Red,Infectious Bronchitis,Tylosin,73.25,6
140,2.25,Broiler,Salmonellosis,Neomycin,22.5,7
344,1.85,Broiler,E. coli Infection,Doxycycline,37.0,7
348,3.05,Cornish Cross,Newcastle Disease,Oxytetracycline,30.5,6
325,2.65,Cornish Cross,Newcastle Disease,Oxytetracycline,26.5,7
294,2.85,Sussex,Fowl Cholera,Sulfaquinoxaline,85.5,7
37,1.49,Cornish Cross,Infectious Bronchitis,Tylosin,37.25,5
164,2.8,Rhode Island Red,Coccidiosis,Amprolium,28.0,5
35,0.82,Broiler,Infectious Bronchitis,Tylosin,20.5,5
440,2.67,Cornish Cross,Coccidiosis,Amprolium,26.7,5
414,2.67,Cornish Cross,Salmonellosis,Neomycin,26.7,5
358,1.36,Leghorn,E. coli Infection,Doxycycline,27.2,6
336,1.68,Leghorn,Salmonellosis,Neomycin,16.8,5
192,2.81,Australorp,Newcastle Disease,Oxytetracycline,28.1,7
539,2.88,Cornish Cross,Newcastle Disease,Oxytetracycline,28.8,7
323,1.65,Broiler,Newcastle Disease,Oxytetracycline,16.5,6
496,2.99,Cornish Cross,Newcastle Disease,Oxytetracycline,29.9,7
478,2.83,Plymouth Rock,Fowl Cholera,Sulfaquinoxaline,84.9,8
286,2.59,Sussex,Infectious Bronchitis,Tylosin,64.75,5
556,2.77,Sussex,Newcastle Disease,Oxytetracycline,27.7,7
486,1.5,Leghorn,Coccidiosis,Amprolium,15.0,6
183,1.64,Broiler,E. coli Infection,Doxycycline,32.8,6
584,2.84,Australorp,Fowl Cholera,Sulfaquinoxaline,85.2,10
462,2.12,Plymouth Rock,Coccidiosis,Amprolium,21.2,5
382,2.21,Plymouth Rock,Newcastle Disease,Oxytetracycline,22.1,7
400,2.14,Rhode Island Red,Newcastle Disease,Oxytetracycline,21.4,7
480,2.98,Broiler,E. coli Infection,Doxycycline,59.6,6
347,2.69,Sussex,Fowl Cholera,Sulfaquinoxaline,80.7,7
451,1.69,Leghorn,Coccidiosis,Amprolium,16.9,6
202,1.56,Leghorn,Coccidiosis,Amprolium,15.6,5
557,1.74,Broiler,Salmonellosis,Neomycin,17.4,5
534,2.87,Sussex,Fowl Cholera,Sulfaquinoxaline,86.1,7
140,2.8,Rhode Island Red,Salmonellosis,Neomycin,28.0,5
164,2.73,Broiler,E. coli Infection,Doxycycline,54.6,6
226,2.71,Rhode Island Red,Coccidiosis,Amprolium,27.1,5
392,3.47,Cornish Cross,Newcastle Disease,Oxytetracycline,34.7,7
370,3.47,Cornish Cross,Coccidiosis,Amprolium,34.7,5
415,2.69,Sussex,Coccidiosis,Amprolium,26.9,5
223,2.29,Rhode Island Red,Infectious Bronchitis,Tylosin,57.25,5
129,2.25,Broiler,E. coli Infection,Doxycycline,45.0,5
237,3.25,Australorp,Infectious Bronchitis,Tylosin,81.25,6
577,3.41,Australorp,Coccidiosis,Amprolium,34.1,6
344,2.53,Cornish Cross,Coccidiosis,Amprolium,25.3,5
494,2.57,Australorp,Infectious Bronchitis,Tylosin,64.25,6
560,2.68,Sussex,E. coli Infection,Doxycycline,53.6,7
263,1.6,Broiler,E. coli Infection,Doxycycline,32.0,5
581,2.53,Sussex,Coccidiosis,Amprolium,25.3,6
31,1.53,Broiler,Salmonellosis,Neomycin,15.3,5
484,2.55,Rhode Island Red,Fowl Cholera,Sulfaquinoxaline,76.5,9
234,2.85,Rhode Island Red,E. coli Infection,Doxycycline,57.0,5
233,2.58,Cornish Cross,Newcastle Disease,Oxytetracycline,25.8,6
443,2.96,Sussex,Infectious Bronchitis,Tylosin,74.0,5
94,2.16,Australorp,Infectious Bronchitis,Tylosin,54.0,6
400,2.68,Sussex,Salmonellosis,Neomycin,26.8,5
443,2.9,Cornish Cross,Coccidiosis,Amprolium,29.0,5
183,2.1,Plymouth Rock,Fowl Cholera,Sulfaquinoxaline,63.0,10
513,2.65,Rhode Island Red,Coccidiosis,Amprolium,26.5,6
296,2.37,Rhode Island Red,Fowl Cholera,Sulfaquinoxaline,71.1,9
367,3.25,Cornish Cross,Newcastle Disease,Oxytetracycline,32.5,7
398,1.72,Leghorn,Salmonellosis,Neomycin,17.2,7
451,3.17,Cornish Cross,Coccidiosis,Amprolium,31.7,5
582,2.53,Rhode Island Red,Salmonellosis,Neomycin,25.3,5
550,3.14,Cornish Cross,Coccidiosis,Amprolium,31.4,5
311,2.67,Rhode Island Red,E. coli Infection,Doxycycline,53.4,6
402,2.57,Rhode Island Red,Newcastle Disease,Oxytetracycline,25.7,6
209,3.43,Australorp,Coccidiosis,Amprolium,34.3,5
37,0.8,Australorp,Newcastle Disease,Oxytetracycline,8.0,6
99,2.26,Sussex,Coccidiosis,Amprolium,22.6,5
217,3.31,Cornish Cross,Newcastle Disease,Oxytetracycline,33.1,7
560,2.56,Australorp,Salmonellosis,Neomycin,25.6,6
553,2.89,Rhode Island Red,Newcastle Disease,Oxytetracycline,28.9,7
146,3.47,Cornish Cross,E. coli Infection,Doxycycline,69.4,7
301,1.76,Broiler,E. coli Infection,Doxycycline,35.2,6
315,3.19,Australorp,Newcastle Disease,Oxytetracycline,31.9,7
87,2.05,Sussex,Newcastle Disease,Oxytetracycline,20.5,7
209,2.72,Australorp,Fowl Cholera,Sulfaquinoxaline,81.6,9
455,3.24,Broiler,Coccidiosis,Amprolium,32.4,5
186,2.51,Sussex,Newcastle Disease,Oxytetracycline,25.1,6
302,2.65,Cornish Cross,Newcastle Disease,Oxytetracycline,26.5,6
310,2.54,Sussex,Newcastle Disease,Oxytetracycline,25.4,6
426,2.85,Rhode Island Red,Coccidiosis,Amprolium,28.5,6
141,2.7,Cornish Cross,Infectious Bronchitis,Tylosin,67.5,6
